cty_fips,county,gdp05_k
06037,"Los Angeles, CA",550158608
36061,"New York, NY",477521237
17031,"Cook, IL",337394405
48201,"Harris, TX",271828685
06059,"Orange, CA",201782572
04013,"Maricopa, AZ",184184658
48113,"Dallas, TX",178583029
06073,"San Diego, CA",176992285
53033,"King, WA",164783180
06085,"Santa Clara, CA",131566824
12086,"Miami-Dade, FL",123634364
13121,"Fulton, GA",123156469
25017,"Middlesex, MA",106212991
27053,"Hennepin, MN",105998572
11001,"District of Columbia, DC",99954650
32003,"Clark, NV",99284579
26125,"Oakland, MI",92950886
26163,"Wayne, MI",92469784
06075,"San Francisco, CA",91859756
25025,"Suffolk, MA",90898450
06001,"Alameda, CA",90705419
51919,"Fairfax, Fairfax City + Falls Church, VA*",86808278
39035,"Cuyahoga, OH",85897642
12011,"Broward, FL",85366121
09001,"Fairfield, CT",83832207
42101,"Philadelphia, PA",78482516
48439,"Tarrant, TX",77817390
06013,"Contra Costa, CA",77022406
18097,"Marion, IN",76946061
36059,"Nassau, NY",76403456
42003,"Allegheny, PA",74193165
06067,"Sacramento, CA",72924146
39049,"Franklin, OH",72369083
37119,"Mecklenburg, NC",72183895
17043,"DuPage, IL",71948599
24031,"Montgomery, MD",71849125
12095,"Orange, FL",70973545
36081,"Queens, NY",69344515
06071,"San Bernardino, CA",69328676
36103,"Suffolk, NY",69235252
29189,"St. Louis, MO",67515164
48029,"Bexar, TX",67451990
09003,"Hartford, CT",67116654
12057,"Hillsborough, FL",66862773
12099,"Palm Beach, FL",65249007
34003,"Bergen, NJ",64233775
42091,"Montgomery, PA",63954099
06065,"Riverside, CA",62729096
39061,"Hamilton, OH",62689125
36119,"Westchester, NY",61760929
36047,"Kings, NY",60144044
47157,"Shelby, TN",57057747
49035,"Salt Lake, UT",56840519
48453,"Travis, TX",56404170
06081,"San Mateo, CA",55533335
08031,"Denver, CO",55046778
55079,"Milwaukee, WI",52951088
12031,"Duval, FL",51479773
34013,"Essex, NJ",51413716
15003,"Honolulu, HI",51099307
34023,"Middlesex, NJ",50975626
17097,"Lake, IL",46924284
34027,"Morris, NJ",46699624
09009,"New Haven, CT",46343898
41051,"Multnomah, OR",46062420
47037,"Davidson, TN",46035234
06111,"Ventura, CA",44545459
24005,"Baltimore, MD",44541166
21111,"Jefferson, KY",44369721
10003,"New Castle, DE",44146038
37183,"Wake, NC",43439846
36029,"Erie, NY",43335180
12103,"Pinellas, FL",42358504
40109,"Oklahoma, OK",41552385
01073,"Jefferson, AL",41130878
24510,"Baltimore (Independent City), MD",40754519
36055,"Monroe, NY",40374369
25021,"Norfolk, MA",40335651
29095,"Jackson, MO",39458273
13067,"Cobb, GA",39151261
34017,"Hudson, NJ",36903918
24033,"Prince George's, MD",36881541
06029,"Kern, CA",36720929
13135,"Gwinnett, GA",35716636
06019,"Fresno, CA",35484674
04019,"Pima, AZ",35309455
27123,"Ramsey, MN",35102552
26099,"Macomb, MI",34839543
34039,"Union, NJ",34496740
40143,"Tulsa, OK",34233726
25009,"Essex, MA",34226510
42029,"Chester, PA",33968336
08005,"Arapahoe, CO",33634428
13089,"DeKalb, GA",33555435
25027,"Worcester, MA",32896364
31055,"Douglas, NE",32884841
26081,"Kent, MI",32791807
24003,"Anne Arundel, MD",32484950
36005,"Bronx, NY",32261111
19153,"Polk, IA",31968056
35001,"Bernalillo, NM",31883536
20091,"Johnson, KS",31517908
44007,"Providence, RI",31498324
34025,"Monmouth, NJ",31438369
22033,"East Baton Rouge, LA",30573230
53053,"Pierce, WA",30392312
55025,"Dane, WI",30092066
37081,"Guilford, NC",28744128
29510,"St. Louis (Independent City), MO",28622360
48085,"Collin, TX",28182946
34035,"Somerset, NJ",28168765
51013,"Arlington, VA",28028573
42017,"Bucks, PA",27889376
39113,"Montgomery, OH",27582152
41067,"Washington, OR",26980442
53061,"Snohomish, WA",26948364
34021,"Mercer, NJ",26436766
39153,"Summit, OH",25979110
08041,"El Paso, CO",25628582
42045,"Delaware, PA",25332935
06077,"San Joaquin, CA",25174856
05119,"Pulaski, AR",25161647
36067,"Onondaga, NY",24792673
12071,"Lee, FL",24637526
22019,"Calcasieu, LA",24283251
36001,"Albany, NY",24137591
39095,"Lucas, OH",24097476
55133,"Waukesha, WI",23882122
32031,"Washoe, NV",23275126
42071,"Lancaster, PA",23259385
08059,"Jefferson, CO*",22913061
34005,"Burlington, NJ",22875631
34007,"Camden, NJ",22732246
22071,"Orleans, LA",22691145
51710,"Norfolk (Independent City), VA",22640435
37067,"Forsyth, NC",22548660
45045,"Greenville, SC",22218884
06097,"Sonoma, CA",22082939
20173,"Sedgwick, KS",22038079
48141,"El Paso, TX",21892494
06083,"Santa Barbara, CA",21537250
34031,"Passaic, NJ",21354110
37063,"Durham, NC",21243642
33011,"Hillsborough, NH",21042123
17197,"Will, IL",20875939
47093,"Knox, TN",20728187
06053,"Monterey, CA",20665055
18089,"Lake, IN",20586668
27037,"Dakota, MN",20579939
22051,"Jefferson, LA",20534670
26161,"Washtenaw, MI",20471233
17089,"Kane, IL",20395009
51760,"Richmond (Independent City), VA",20328111
25005,"Bristol, MA",20285751
12105,"Polk, FL",20266235
45079,"Richland, SC",20122790
42077,"Lehigh, PA",19882111
45019,"Charleston, SC",19751909
51087,"Henrico, VA",19673368
48245,"Jefferson, TX",19526196
51810,"Virginia Beach (Independent City), VA",19272313
12009,"Brevard, FL",19145149
16001,"Ada, ID",19122016
25023,"Plymouth, MA",19098301
25013,"Hampden, MA",19007842
06099,"Stanislaus, CA",18800861
47065,"Hamilton, TN",18765831
09011,"New London, CT",18524166
53063,"Spokane, WA",18438797
24027,"Howard, MD",17991037
08013,"Boulder, CO*",17975234
42133,"York, PA",17852617
02020,"Anchorage Municipality, AK",17587417
42043,"Dauphin, PA",17410300
06095,"Solano, CA",17404693
06041,"Marin, CA",17270383
23005,"Cumberland, ME",17048580
12117,"Seminole, FL",16959526
34029,"Ocean, NJ",16659140
48355,"Nueces, TX",16654614
12115,"Sarasota, FL",16346796
01089,"Madison, AL",16208756
18003,"Allen, IN",16174422
01097,"Mobile, AL",16096293
48215,"Hidalgo, TX",16013316
08001,"Adams, CO*",15930058
06061,"Placer, CA",15813358
42011,"Berks, PA",15799255
33015,"Rockingham, NH",15600747
26065,"Ingham, MI",15453952
48121,"Denton, TX",15447610
26049,"Genesee, MI",15399716
21067,"Fayette, KY",15161810
12127,"Volusia, FL",15125570
12021,"Collier, FL",15061999
36087,"Rockland, NY",14885547
34001,"Atlantic, NJ",14747473
39151,"Stark, OH",14637052
48157,"Fort Bend, TX",14341300
51107,"Loudoun, VA",14299775
51510,"Alexandria (Independent City), VA",14268204
39017,"Butler, OH",14195353
41005,"Clackamas, OR",14055289
37051,"Cumberland, NC",14049197
06107,"Tulare, CA",13999644
55009,"Brown, WI",13977287
31109,"Lancaster, NE",13898879
48167,"Galveston, TX",13864204
36071,"Orange, NY",13806976
29077,"Greene, MO",13487910
53011,"Clark, WA",13371712
06079,"San Luis Obispo, CA",13050808
49049,"Utah, UT",13049863
51942,"Prince William, Manassas + Manassas Park, VA*",13018059
12033,"Escambia, FL",12913731
13051,"Chatham, GA",12897913
12073,"Leon, FL",12877354
17201,"Winnebago, IL",12731522
51041,"Chesterfield, VA",12719967
12081,"Manatee, FL",12610292
41039,"Lane, OR",12560517
42079,"Luzerne, PA",12508169
01101,"Montgomery, AL",12434113
28049,"Hinds, MS",12382773
13063,"Clayton, GA",12358207
22017,"Caddo, LA",12279074
42041,"Cumberland, PA",12068608
48027,"Bell, TX",11946089
42129,"Westmoreland, PA",11920146
34015,"Gloucester, NJ",11895871
22055,"Lafayette, LA",11856540
19113,"Linn, IA",11749169
18141,"St. Joseph, IN",11683695
46099,"Minnehaha, SD",11602463
08069,"Larimer, CO",11475205
22089,"St. Charles, LA",11461842
26139,"Ottawa, MI",11447036
25001,"Barnstable, MA",11407828
48491,"Williamson, TX",11351040
26077,"Kalamazoo, MI",11327984
45083,"Spartanburg, SC",11304263
41047,"Marion, OR",11189965
18057,"Hamilton, IN",11103773
06087,"Santa Cruz, CA",11036748
48339,"Montgomery, TX",10946429
36085,"Richmond, NY",10917197
27003,"Anoka, MN",10882418
17119,"Madison, IL",10857537
29183,"St. Charles, MO",10813942
51700,"Newport News (Independent City), VA",10746297
12001,"Alachua, FL",10717331
54039,"Kanawha, WV",10685761
39085,"Lake, OH",10587930
42049,"Erie, PA",10579351
53073,"Whatcom, WA",10539485
06113,"Yolo, CA",10536695
18039,"Elkhart, IN",10490183
36027,"Dutchess, NY",10314697
13245,"Richmond, GA",10148676
18163,"Vanderburgh, IN",10067813
17143,"Peoria, IL",10047767
42095,"Northampton, PA",10016616
45051,"Horry, SC",10013941
12091,"Okaloosa, FL",9923477
17111,"McHenry, IL",9893278
17163,"St. Clair, IL",9796006
09007,"Middlesex, CT",9765724
22005,"Ascension, LA",9761684
29047,"Clay, MO",9728178
48303,"Lubbock, TX",9703712
24021,"Frederick, MD",9641645
37021,"Buncombe, NC",9625818
53035,"Kitsap, WA",9555384
39093,"Lorain, OH",9517669
17113,"McLean, IL",9508172
37129,"New Hanover, NC",9490858
17167,"Sangamon, IL",9488429
48039,"Brazoria, TX",9390757
55087,"Outagamie, WI",9358665
47149,"Rutherford, TN",9339585
49011,"Davis, UT",9306433
02185,"North Slope Borough, AK",9289863
39099,"Mahoning, OH",9289667
47187,"Williamson, TN",9249217
53067,"Thurston, WA",9236457
10005,"Sussex, DE",9234552
05007,"Benton, AR",9107615
17161,"Rock Island, IL",9009739
01125,"Tuscaloosa, AL",9003684
36065,"Oneida, NY",8972071
27137,"St. Louis, MN",8913543
50007,"Chittenden, VT",8830012
55139,"Winnebago, WI",8797235
17019,"Champaign, IL",8792538
24025,"Harford, MD",8790162
08035,"Douglas, CO",8755150
48423,"Smith, TX",8734504
08123,"Weld, CO*",8713140
39155,"Trumbull, OH",8712476
13215,"Muscogee, GA",8698837
51550,"Chesapeake (Independent City), VA",8674303
12101,"Pasco, FL",8640068
48309,"McLennan, TX",8541457
44003,"Kent, RI",8526032
05143,"Washington, AR",8504679
36063,"Niagara, NY",8412536
55101,"Racine, WI",8400492
20177,"Shawnee, KS",8375276
28047,"Harrison, MS",8341185
12083,"Marion, FL",8260628
27163,"Washington, MN",8190156
53005,"Benton, WA",8140970
48061,"Cameron, TX",8139291
48479,"Webb, TX",8088760
36091,"Saratoga, NY",8064631
20209,"Wyandotte, KS",8061711
26145,"Saginaw, MI",7999163
53077,"Yakima, WA",7995394
33013,"Merrimack, NH",7977245
06055,"Napa, CA",7970287
06047,"Merced, CA",7950618
45063,"Lexington, SC",7945310
51901,"Albemarle + Charlottesville, VA*",7902510
42069,"Lackawanna, PA",7889404
06007,"Butte, CA",7860522
38017,"Cass, ND",7843583
09005,"Litchfield, CT",7804917
19163,"Scott, IA",7774432
51650,"Hampton (Independent City), VA",7756508
37035,"Catawba, NC",7746757
13021,"Bibb, GA",7708392
27109,"Olmsted, MN",7674246
36093,"Schenectady, NY",7657975
49057,"Weber, UT",7530913
15901,"Maui + Kalawao, HI*",7456811
21015,"Boone, KY",7408494
12005,"Bay, FL",7325880
01117,"Shelby, AL",7292359
42125,"Washington, PA",7273171
36007,"Broome, NY",7265250
12069,"Lake, FL",7240010
30111,"Yellowstone, MT",7236533
42019,"Butler, PA",7208012
37025,"Cabarrus, NC",7089210
12111,"St. Lucie, FL",7066327
39165,"Warren, OH",7058478
15001,"Hawaii, HI",6996804
18157,"Tippecanoe, IN",6937366
45091,"York, SC",6923132
48329,"Midland, TX",6916922
06089,"Shasta, CA",6894772
12097,"Osceola, FL",6883474
53057,"Skagit, WA",6881798
41029,"Jackson, OR",6862595
12085,"Martin, FL",6859394
34019,"Hunterdon, NJ",6858667
39057,"Greene, OH",6820047
13139,"Hall, GA",6811907
55073,"Marathon, WI",6769882
29019,"Boone, MO",6699579
47163,"Sullivan, TN",6665496
17179,"Tazewell, IL",6660536
35045,"San Juan, NM",6631245
45013,"Beaufort, SC",6616147
48375,"Potter, TX",6580374
56005,"Campbell, WY",6575501
10001,"Kent, DE",6572926
05131,"Sebastian, AR",6550797
19013,"Black Hawk, IA",6540922
27145,"Stearns, MN",6499711
19103,"Johnson, IA",6494718
35013,"Do√±a Ana, NM",6487250
23031,"York, ME",6481154
26021,"Berrien, MI",6454990
51770,"Roanoke (Independent City), VA",6424382
42007,"Beaver, PA",6377001
04027,"Yuma, AZ",6374305
42027,"Centre, PA",6330185
39041,"Delaware, OH",6313428
37135,"Orange, NC",6253406
51911,"Campbell + Lynchburg, VA*",6237282
39003,"Allen, OH",6196652
48183,"Gregg, TX",6183280
37133,"Onslow, NC",6180950
48135,"Ector, TX",6167823
37071,"Gaston, NC",6163502
48041,"Brazos, TX",6140391
22103,"St. Tammany, LA",6139656
06017,"El Dorado, CA",6124166
26025,"Calhoun, MI",6113337
37097,"Iredell, NC",6110033
34011,"Cumberland, NJ",6101340
06025,"Imperial, CA",6081784
13313,"Whitfield, GA",6071982
37147,"Pitt, NC",6058305
25003,"Berkshire, MA",6030676
21117,"Kenton, KY",6008576
39025,"Clermont, OH",6001791
23019,"Penobscot, ME",5991791
55117,"Sheboygan, WI",5974426
55105,"Rock, WI",5947391
51947,"Rockingham + Harrisonburg, VA*",5946278
22073,"Ouachita, LA",5910224
22109,"Terrebonne, LA",5901846
04025,"Yavapai, AZ",5900211
35049,"Santa Fe, NM",5875491
24043,"Washington, MD",5874442
39103,"Medina, OH",5855453
28059,"Jackson, MS",5840833
13059,"Clarke, GA",5827273
17115,"Macon, IL",5790882
22093,"St. James, LA",5762312
13117,"Forsyth, GA",5713461
25015,"Hampshire, MA",5712224
41017,"Deschutes, OR",5673398
06031,"Kings, CA",5658553
34033,"Salem, NJ",5651240
45003,"Aiken, SC",5635991
40027,"Cleveland, OK",5610411
26115,"Monroe, MI",5582429
04005,"Coconino, AZ",5570893
44009,"Washington, RI",5565431
45041,"Florence, SC",5507271
26093,"Livingston, MI",5505349
39173,"Wood, OH",5500023
36111,"Ulster, NY",5498321
02090,"Fairbanks North Star Borough, AK",5486300
26121,"Muskegon, MI",5473389
55059,"Kenosha, WI",5457903
42089,"Monroe, PA",5457792
13153,"Houston, GA",5371091
36045,"Jefferson, NY",5360150
31153,"Sarpy, NE",5337485
19193,"Woodbury, IA",5335961
22087,"St. Bernard, LA",5320808
33009,"Grafton, NH",5310308
55063,"La Crosse, WI",5287961
01003,"Baldwin, AL",5257742
04021,"Pinal, AZ",5243074
26075,"Jackson, MI",5217187
44005,"Newport, RI",5206349
18127,"Porter, IN",5197622
34009,"Cape May, NJ",5174339
22015,"Bossier, LA",5162200
51944,"Roanoke + Salem, VA*",5148247
26147,"St. Clair, MI",5144770
22095,"St. John the Baptist, LA",5143803
36075,"Oswego, NY",5133721
18105,"Monroe, IN",5132050
37001,"Alamance, NC",5117843
39133,"Portage, OH",5102255
18085,"Kosciusko, IN",5083896
12109,"St. Johns, FL",5067841
37179,"Union, NC",5064446
21047,"Christian, KY",5037113
22079,"Rapides, LA",5037093
51921,"Frederick + Winchester, VA*",4957788
08077,"Mesa, CO",4955138
42013,"Blair, PA",4952603
39089,"Licking, OH",4950713
51740,"Portsmouth (Independent City), VA",4946952
12061,"Indian River, FL",4945116
28121,"Rankin, MS",4943267
45007,"Anderson, SC",4936533
40147,"Washington, OK",4934384
39139,"Richland, OH",4924022
36083,"Rensselaer, NY",4922650
42055,"Franklin, PA",4900647
36109,"Tompkins, NY",4878702
23011,"Kennebec, ME",4870008
04015,"Mohave, AZ",4867505
47113,"Madison, TN",4839542
48485,"Wichita, TX",4838799
24037,"St. Mary's, MD",4838773
39043,"Erie, OH",4837026
06023,"Humboldt, CA",4831427
17099,"LaSalle, IL",4828825
24013,"Carroll, MD",4819016
36013,"Chautauqua, NY",4806418
51951,"Spotsylvania + Fredericksburg, VA*",4795368
39169,"Wayne, OH",4778792
29097,"Jasper, MO",4757056
06039,"Madera, CA",4747781
13095,"Dougherty, GA",4715205
55131,"Washington, WI",4706067
01103,"Morgan, AL",4670903
19061,"Dubuque, IA",4660117
09013,"Tolland, CT",4655747
47179,"Washington, TN",4647831
21227,"Warren, KY",4643657
13057,"Cherokee, GA",4642367
08101,"Pueblo, CO",4575924
27139,"Scott, MN",4564784
37101,"Johnston, NC",4554337
48441,"Taylor, TX",4540656
42021,"Cambria, PA",4539531
09015,"Windham, CT",4526014
18167,"Vigo, IN",4504187
54061,"Monongalia, WV",4485009
55035,"Eau Claire, WI",4459278
51907,"Augusta, Staunton + Waynesboro, VA*",4448513
39023,"Clark, OH",4417638
24017,"Charles, MD",4389681
34041,"Warren, NJ",4378894
34037,"Sussex, NJ",4357775
22075,"Plaquemines, LA",4354381
37191,"Wayne, NC",4354185
37159,"Rowan, NC",4352109
42075,"Lebanon, PA",4343250
42081,"Lycoming, PA",4342551
33017,"Strafford, NH",4309949
46103,"Pennington, SD",4300327
16055,"Kootenai, ID",4285608
37049,"Craven, NC",4282287
45015,"Berkeley, SC",4270721
42107,"Schuylkill, PA",4270284
12015,"Charlotte, FL",4253939
51085,"Hanover, VA",4245258
01069,"Houston, AL",4230109
26111,"Midland, MI",4204935
01015,"Calhoun, AL",4188694
47165,"Sumner, TN",4174132
54011,"Cabell, WV",4167710
37127,"Nash, NC",4163220
56021,"Laramie, WY",4146014
36069,"Ontario, NY",4135398
40031,"Comanche, OK",4134911
29099,"Jefferson, MO",4107367
29051,"Cole, MO",4103018
18067,"Howard, IN",4095136
13151,"Henry, GA",4093027
51933,"Montgomery + Radford, VA*",4068136
26055,"Grand Traverse, MI",4068094
30063,"Missoula, MT",4066833
16027,"Canyon, ID",4052835
37151,"Randolph, NC",4043804
04003,"Cochise, AZ",4037623
37195,"Wilson, NC",4037099
29021,"Buchanan, MO",4032763
21093,"Hardin, KY",4032122
35043,"Sandoval, NM",4029627
13185,"Lowndes, GA",4025376
47001,"Anderson, TN",4017939
55039,"Fond du Lac, WI",4013134
24045,"Wicomico, MD",4002923
28081,"Lee, MS",4001950
42063,"Indiana, PA",4000302
18005,"Bartholomew, IN",3986858
47009,"Blount, TN",3977456
55089,"Ozaukee, WI",3974027
12017,"Citrus, FL",3965364
18091,"LaPorte, IN",3947488
12087,"Monroe, FL",3939361
51931,"James City + Williamsburg, VA*",3902635
23001,"Androscoggin, ME",3901428
36089,"St. Lawrence, NY",3899341
48469,"Victoria, TX",3889545
42085,"Mercer, PA",3879598
37057,"Davidson, NC",3869502
13015,"Bartow, GA",3866954
29165,"Platte, MO",3865626
39063,"Hancock, OH",3853667
18035,"Delaware, IN",3844701
28033,"DeSoto, MS",3838558
28089,"Madison, MS",3837474
48451,"Tom Green, TX",3827460
56025,"Natrona, WY",3822187
47125,"Montgomery, TN",3816666
53025,"Grant, WA",3806033
26005,"Allegan, MI",3797126
26045,"Eaton, MI",3795638
01081,"Lee, AL",3794406
20045,"Douglas, KS",3791015
48139,"Ellis, TX",3789824
38015,"Burleigh, ND",3787366
08067,"La Plata, CO",3787284
39159,"Union, OH",3785288
17091,"Kankakee, IL",3754673
41043,"Linn, OR",3752855
08014,"Broomfield, CO*",3751683
36019,"Clinton, NY",3748887
39109,"Miami, OH",3742221
13115,"Floyd, GA",3731462
21059,"Daviess, KY",3713205
36101,"Steuben, NY",3712693
22057,"Lafourche, LA",3694043
19169,"Story, IA",3687741
56037,"Sweetwater, WY",3668890
18019,"Clark, IN",3664046
37155,"Robeson, NC",3627052
06057,"Nevada, CA",3609647
12019,"Clay, FL",3594898
21019,"Boyd, KY",3587799
13113,"Fayette, GA",3585535
55141,"Wood, WI",3579192
53015,"Cowlitz, WA",3571971
29071,"Franklin, MO",3565861
39055,"Geauga, OH",3563154
55127,"Walworth, WI",3538747
19155,"Pottawattamie, IA",3537512
18095,"Madison, IN",3527375
26017,"Bay, MI",3524988
13127,"Glynn, GA",3518223
18063,"Hendricks, IN",3505433
49053,"Washington, UT",3505122
37019,"Brunswick, NC",3470526
48209,"Hays, TX",3466958
05031,"Craighead, AR",3448976
30031,"Gallatin, MT",3443027
16019,"Bonneville, ID",3440844
48181,"Grayson, TX",3431653
55071,"Manitowoc, WI",3420654
05069,"Jefferson, AR",3417528
08037,"Eagle, CO",3415721
54107,"Wood, WV",3414560
51939,"Pittsylvania + Danville, VA*",3410033
48203,"Harrison, TX",3409679
35025,"Lea, NM",3398043
47011,"Bradley, TN",3388586
32510,"Carson City (Independent City), NV",3384579
29031,"Cape Girardeau, MO",3381075
21145,"McCracken, KY",3379607
22105,"Tangipahoa, LA",3369021
48251,"Johnson, TX",3345749
48161,"Freestone, TX",3340000
18081,"Johnson, IN",3330907
27019,"Carver, MN",3330792
45085,"Sumter, SC",3327332
12053,"Hernando, FL",3291212
54033,"Harrison, WV",3274101
17037,"DeKalb, IL",3271622
42051,"Fayette, PA",3262456
35015,"Eddy, NM",3257714
48037,"Bowie, TX",3246051
22047,"Iberville, LA",3242773
51179,"Stafford, VA",3235744
13097,"Douglas, GA",3232428
36015,"Chemung, NY",3222477
27171,"Wright, MN",3219989
47189,"Wilson, TN",3212283
13045,"Carroll, GA",3212199
04017,"Navajo, AZ",3208935
55111,"Sauk, WI",3187193
37089,"Henderson, NC",3186127
39045,"Fairfield, OH",3175041
55055,"Jefferson, WI",3165276
37105,"Lee, NC",3163697
50023,"Washington, VT",3160065
48497,"Wise, TX",3154564
39119,"Muskingum, OH",3148856
28035,"Forrest, MS",3144085
37157,"Rockingham, NC",3135666
36113,"Warren, NY",3131921
06045,"Mendocino, CA",3131372
37045,"Cleveland, NC",3122970
39149,"Shelby, OH",3119782
22045,"Iberia, LA",3119192
30029,"Flathead, MT",3114119
22097,"St. Landry, LA",3114082
47119,"Maury, TN",3111940
12113,"Santa Rosa, FL",3109956
30013,"Cascade, MT",3104534
48091,"Comal, TX",3099046
24015,"Cecil, MD",3098969
55097,"Portage, WI",3092642
39157,"Tuscarawas, OH",3082613
01121,"Talladega, AL",3080886
27013,"Blue Earth, MN",3079401
08045,"Garfield, CO",3060769
41019,"Douglas, OR",3041730
48365,"Panola, TX",3038920
41003,"Benton, OR",3036739
33005,"Cheshire, NH",3013579
55027,"Dodge, WI",3012150
06101,"Sutter, CA",3010786
36079,"Putnam, NY",3006402
15007,"Kauai, HI",3004721
48505,"Zapata, TX",3002470
17183,"Vermilion, IL",2998181
49005,"Cache, UT",2994068
53007,"Chelan, WA",2983200
47155,"Sevier, TN",2982387
28075,"Lauderdale, MS",2977129
24009,"Calvert, MD",2967575
48401,"Rusk, TX",2960024
53041,"Lewis, WA",2954012
40071,"Kay, OK",2936006
45075,"Orangeburg, SC",2934196
39007,"Ashtabula, OH",2930528
54081,"Raleigh, WV",2929439
13247,"Rockdale, GA",2924093
42001,"Adams, PA",2922440
39081,"Jefferson, OH",2919272
38035,"Grand Forks, ND",2913635
17001,"Adams, IL",2906927
26091,"Lenawee, MI",2889110
13179,"Liberty, GA",2886577
45077,"Pickens, SC",2869755
51800,"Suffolk (Independent City), VA",2858696
37023,"Burke, NC",2855712
01055,"Etowah, AL",2830042
13285,"Troup, GA",2827216
13077,"Coweta, GA",2825563
05051,"Garland, AR",2815444
01095,"Marshall, AL",2812420
48057,"Calhoun, TX",2802312
39029,"Columbiana, OH",2791847
41071,"Yamhill, OR",2782231
36117,"Wayne, NY",2769775
42097,"Northumberland, PA",2757163
21195,"Pike, KY",2751916
40101,"Muskogee, OK",2736185
48187,"Guadalupe, TX",2731416
47141,"Putnam, TN",2727348
41059,"Umatilla, OR",2725287
01083,"Limestone, AL",2706189
36009,"Cattaraugus, NY",2686979
21073,"Franklin, KY",2685254
26103,"Marquette, MI",2681975
27141,"Sherburne, MN",2672873
42073,"Lawrence, PA",2671010
42059,"Greene, PA",2666785
31079,"Hall, NE",2662042
37125,"Moore, NC",2657164
51953,"Washington + Bristol, VA*",2656779
54003,"Berkeley, WV",2654450
24001,"Allegany, MD",2650332
05045,"Faulkner, AR",2647303
18177,"Wayne, IN",2646717
39101,"Marion, OH",2606316
48005,"Angelina, TX",2593299
42033,"Clearfield, PA",2577957
47063,"Hamblen, TN",2574264
16083,"Twin Falls, ID",2570743
42039,"Crawford, PA",2566772
45073,"Oconee, SC",2558756
16005,"Bannock, ID",2553607
50021,"Rutland, VT",2553503
17063,"Grundy, IL",2552102
21209,"Scott, KY",2550886
30049,"Lewis and Clark, MT",2550634
51941,"Prince George + Hopewell, VA*",2550202
48361,"Orange, TX",2546599
05115,"Pope, AR",2545693
27049,"Goodhue, MN",2543500
25011,"Franklin, MA",2534484
20169,"Saline, KS",2534431
53029,"Island, WA",2526622
33001,"Belknap, NH",2515503
51918,"Dinwiddie, Colonial Heights + Petersburg, VA*",2509803
45035,"Dorchester, SC",2506058
13073,"Columbia, GA",2481227
39167,"Washington, OH",2475403
35031,"McKinley, NM",2468521
17141,"Ogle, IL",2461659
19033,"Cerro Gordo, IA",2458060
54069,"Ohio, WV",2458008
45047,"Greenwood, SC",2452479
01045,"Dale, AL",2452003
19139,"Muscatine, IA",2448765
35028,"Los Alamos, NM",2445794
36105,"Sullivan, NY",2434099
37171,"Surry, NC",2433490
45043,"Georgetown, SC",2427319
23003,"Aroostook, ME",2426073
27035,"Crow Wing, MN",2423467
06115,"Yuba, CA",2418983
28067,"Jones, MS",2415677
39141,"Ross, OH",2411610
48449,"Titus, TX",2410421
12055,"Highlands, FL",2409493
17077,"Jackson, IL",2408479
21037,"Campbell, KY",2403179
18129,"Posey, IN",2401021
01077,"Lauderdale, AL",2399386
55109,"St. Croix, WI",2399013
39143,"Sandusky, OH",2398705
01043,"Cullman, AL",2391403
39027,"Clinton, OH",2390121
22101,"St. Mary, LA",2387757
02122,"Kenai Peninsula Borough, AK",2383580
37061,"Duplin, NC",2375424
18043,"Floyd, IN",2374952
48165,"Gaines, TX",2374680
24047,"Worcester, MD",2372074
49043,"Summit, UT",2365023
45031,"Darlington, SC",2361660
37193,"Wilkes, NC",2355951
53071,"Walla Walla, WA",2355677
18037,"Dubois, IN",2352192
48381,"Randall, TX",2349506
37027,"Caldwell, NC",2346470
38101,"Ward, ND",2346316
42111,"Somerset, PA",2334447
40131,"Rogers, OK",2332154
53021,"Franklin, WA",2331325
48371,"Pecos, TX",2325836
51958,"York + Poquoson, VA*",2322459
32007,"Elko, NV",2317183
42005,"Armstrong, PA",2317097
40119,"Payne, OK",2313811
06109,"Tuolumne, CA",2310083
19045,"Clinton, IA",2307465
53027,"Grays Harbor, WA",2302062
35035,"Otero, NM",2297009
40047,"Garfield, OK",2292237
18051,"Gibson, IN",2288886
28149,"Warren, MS",2278295
01033,"Colbert, AL",2277966
12131,"Walton, FL",2272771
37107,"Lenoir, NC",2271840
22121,"West Baton Rouge, LA",2269221
21151,"Madison, KY",2262814
39077,"Huron, OH",2258533
26159,"Van Buren, MI",2257860
50027,"Windsor, VT",2257188
36011,"Cayuga, NY",2253211
17093,"Kendall, IL",2248892
55021,"Columbia, WI",2246454
17199,"Williamson, IL",2241555
48231,"Hunt, TX",2235093
48347,"Nacogdoches, TX",2223732
51093,"Isle of Wight, VA",2216507
26073,"Isabella, MI",2215553
37017,"Bladen, NC",2213573
51061,"Fauquier, VA",2212440
37055,"Dare, NC",2211708
12107,"Putnam, FL",2211070
47059,"Greene, TN",2203489
13129,"Gordon, GA",2203378
39013,"Belmont, OH",2195630
48409,"San Patricio, TX",2193936
51955,"Wise + Norton, VA*",2188748
23009,"Hancock, ME",2184776
39091,"Logan, OH",2181924
04001,"Apache, AZ",2181773
40017,"Canadian, OK",2178937
48321,"Matagorda, TX",2167173
08097,"Pitkin, CO",2166119
26149,"St. Joseph, MI",2156851
18053,"Grant, IN",2154756
32005,"Douglas, NV",2150306
47145,"Roane, TN",2148589
35009,"Curry, NM",2146181
42037,"Columbia, PA",2141510
48291,"Liberty, TX",2135669
20103,"Leavenworth, KS",2135300
22113,"Vermilion, LA",2134160
42015,"Bradford, PA",2131262
28087,"Lowndes, MS",2128139
48257,"Kaufman, TX",2123249
20155,"Reno, KS",2121056
48501,"Yoakum, TX",2119302
51929,"Henry + Martinsville, VA*",2118237
41033,"Josephine, OR",2107077
20161,"Riley, KS",2103432
50025,"Windham, VT",2101113
41035,"Klamath, OR",2094490
37163,"Sampson, NC",2093018
36077,"Otsego, NY",2084341
19049,"Dallas, IA",2083937
36037,"Genesee, NY",2078308
48367,"Parker, TX",2075764
17029,"Coles, IL",2053915
56035,"Sublette, WY",2045632
39145,"Scioto, OH",2043877
27131,"Rice, MN",2041715
05139,"Union, AR",2041335
37085,"Harnett, NC",2039928
54079,"Putnam, WV",2028432
53009,"Clallam, WA",2020286
37065,"Edgecombe, NC",2018192
21101,"Henderson, KY",2014225
27111,"Otter Tail, MN",2009524
08107,"Routt, CO",2007833
47031,"Coffee, TN",2003830
48003,"Andrews, TX",2003216
02110,"Juneau City and Borough, AK",2000551
31019,"Buffalo, NE",1999402
18033,"DeKalb, IN",1998419
48415,"Scurry, TX",1994003
19187,"Webster, IA",1986970
13217,"Newton, GA",1978768
33003,"Carroll, NH",1976211
55017,"Chippewa, WI",1970272
39051,"Fulton, OH",1967391
01127,"Walker, AL",1965379
48427,"Starr, TX",1961764
17033,"Crawford, IL",1960759
36021,"Columbia, NY",1958004
13275,"Thomas, GA",1953624
37031,"Carteret, NC",1951030
12035,"Flagler, FL",1950447
26087,"Lapeer, MI",1947946
13039,"Camden, GA",1938867
35005,"Chaves, NM",1934148
36039,"Greene, NY",1929704
36025,"Delaware, NY",1924603
29213,"Taney, MO",1923177
05063,"Independence, AR",1921995
29037,"Cass, MO",1921136
20061,"Geary, KS",1920198
54049,"Marion, WV",1919661
13255,"Spalding, GA",1912799
42123,"Warren, PA",1906202
36053,"Madison, NY",1903119
27169,"Winona, MN",1884798
05093,"Mississippi, AR",1881365
12023,"Columbia, FL",1878745
41011,"Coos, OR",1876158
37077,"Granville, NC",1872555
22115,"Vernon, LA",1865159
08083,"Montezuma, CO",1863688
40019,"Carter, OK",1863650
06069,"San Benito, CA",1861111
24041,"Talbot, MD",1860475
19057,"Des Moines, IA",1858651
37037,"Chatham, NC",1854255
31111,"Lincoln, NE",1848965
12089,"Nassau, FL",1847848
54005,"Boone, WV",1838152
29169,"Pulaski, MO",1835086
05145,"White, AR",1834445
48219,"Hockley, TX",1829964
39053,"Gallia, OH",1825424
48481,"Wharton, TX",1816701
01049,"DeKalb, AL",1812673
08117,"Summit, CO",1808144
49003,"Box Elder, UT",1802939
06103,"Tehama, CA",1802190
01071,"Jackson, AL",1801379
27147,"Steele, MN",1800369
27067,"Kandiyohi, MN",1799792
55135,"Waupaca, WI",1799208
17195,"Whiteside, IL",1789700
13157,"Jackson, GA",1782614
35039,"Rio Arriba, NM",1773829
17177,"Stephenson, IL",1771763
39147,"Seneca, OH",1769113
31119,"Madison, NE",1767426
17095,"Knox, IL",1766451
21199,"Pulaski, KY",1763316
19167,"Sioux, IA",1762073
48341,"Moore, TX",1758570
13031,"Bulloch, GA",1754735
40125,"Pottawatomie, OK",1754338
20113,"McPherson, KS",1753992
37109,"Lincoln, NC",1751322
48395,"Robertson, TX",1748997
51001,"Accomack, VA",1748287
49047,"Uintah, UT",1741910
17081,"Jefferson, IL",1740345
20015,"Butler, KS",1737889
39011,"Auglaize, OH",1737843
27061,"Itasca, MN",1735916
37161,"Rutherford, NC",1735337
37189,"Watauga, NC",1733650
36051,"Livingston, NY",1727401
42121,"Venango, PA",1726804
06033,"Lake, CA",1725344
18071,"Jackson, IN",1724787
18059,"Hancock, IN",1721090
49045,"Tooele, UT",1718709
21125,"Laurel, KY",1717406
39009,"Athens, OH",1707466
22061,"Lincoln, LA",1705306
39083,"Knox, OH",1704332
13297,"Walton, GA",1703307
04011,"Greenlee, AZ",1698032
56039,"Teton, WY",1695254
46013,"Brown, SD",1689477
48277,"Lamar, TX",1684171
47107,"McMinn, TN",1681714
54055,"Mercer, WV",1681546
39039,"Defiance, OH",1680242
28151,"Washington, MS",1674229
16069,"Nez Perce, ID",1666946
02170,"Matanuska-Susitna Borough, AK",1663869
45021,"Cherokee, SC",1662774
48293,"Limestone, TX",1661943
36017,"Chenango, NY",1661895
51019,"Bedford, VA*",1661616
56013,"Fremont, WY",1659770
55075,"Marinette, WI",1652425
18011,"Boone, IN",1652189
19127,"Marshall, IA",1649759
37167,"Stanly, NC",1646346
42025,"Carbon, PA",1646180
48213,"Henderson, TX",1645149
39123,"Ottawa, OH",1639106
55043,"Grant, WI",1638647
26037,"Clinton, MI",1637513
05125,"Saline, AR",1636952
26117,"Montcalm, MI",1636724
21107,"Hopkins, KY",1635264
32011,"Eureka, NV",1633392
29145,"Newton, MO",1632687
17157,"Randolph, IL",1630562
23013,"Knox, ME",1627224
55005,"Barron, WI",1625488
20055,"Finney, KS",1624784
13277,"Tift, GA",1620838
13175,"Laurens, GA",1619723
45059,"Laurens, SC",1618780
55031,"Douglas, WI",1616883
13223,"Paulding, GA",1611251
54051,"Marshall, WV",1606455
17105,"Livingston, IL",1602274
47147,"Robertson, TN",1601069
23017,"Oxford, ME",1598472
22063,"Livingston, LA",1598104
39075,"Holmes, OH",1595113
06005,"Amador, CA",1593461
31141,"Platte, NE",1592119
23025,"Somerset, ME",1589380
18029,"Dearborn, IN",1586019
19111,"Lee, IA",1586013
37145,"Person, NC",1581950
48471,"Walker, TX",1581217
47045,"Dyer, TN",1575648
39129,"Pickaway, OH",1574658
36057,"Montgomery, NY",1572772
41053,"Polk, OR",1571247
39005,"Ashland, OH",1570846
53075,"Whitman, WA",1569488
39037,"Darke, OH",1568324
32023,"Nye, NV",1568000
29159,"Pettis, MO",1561947
18113,"Noble, IN",1560384
37111,"McDowell, NC",1558395
36035,"Fulton, NY",1556015
42083,"McKean, PA",1554451
45057,"Lancaster, SC",1545837
17049,"Effingham, IL",1543354
51171,"Shenandoah, VA",1543095
18145,"Shelby, IN",1542887
04007,"Gila, AZ",1542732
48071,"Chambers, TX",1539397
36023,"Cortland, NY",1538821
36043,"Herkimer, NY",1537883
37139,"Pasquotank, NC",1536404
39171,"Williams, OH",1534219
41041,"Lincoln, OR",1533815
48477,"Washington, TX",1533215
48227,"Howard, TX",1531874
36033,"Franklin, NY",1530871
27009,"Benton, MN",1529282
55081,"Monroe, WI",1527561
26155,"Shiawassee, MI",1524901
05035,"Crittenden, AR",1524526
44001,"Bristol, RI",1522095
21193,"Perry, KY",1521443
50011,"Franklin, VT",1520402
37013,"Beaufort, NC",1518767
50003,"Bennington, VT",1518188
06093,"Siskiyou, CA",1514800
13207,"Monroe, GA",1512660
39033,"Crawford, OH",1510586
39031,"Coshocton, OH",1509158
36115,"Washington, NY",1508497
29101,"Johnson, MO",1507198
48465,"Val Verde, TX",1503809
51109,"Louisa, VA",1502300
18173,"Warrick, IN",1502266
42119,"Union, PA",1501496
29187,"St. Francois, MO",1495771
22001,"Acadia, LA",1495662
18099,"Marshall, IN",1493389
27085,"McLeod, MN",1493364
37153,"Richmond, NC",1488900
47003,"Bedford, TN",1488020
51185,"Tazewell, VA",1487111
27027,"Clay, MN",1485537
45055,"Kershaw, SC",1485368
22119,"Webster, LA",1485344
48001,"Anderson, TX",1484361
48149,"Fayette, TX",1480521
55085,"Oneida, WI",1478438
19125,"Marion, IA",1474428
26047,"Emmet, MI",1472434
05033,"Crawford, AR",1460540
27099,"Mower, MN",1458540
27041,"Douglas, MN",1454062
48397,"Rockwall, TX",1448321
41007,"Clatsop, OR",1445907
51047,"Culpeper, VA",1445781
20125,"Montgomery, KS",1445016
31053,"Dodge, NE",1444309
37083,"Halifax, NC",1443367
37087,"Haywood, NC",1440353
18107,"Montgomery, IN",1438017
28071,"Lafayette, MS",1437387
51075,"Goochland, VA",1435584
39107,"Mercer, OH",1435480
51155,"Pulaski, VA",1433879
40037,"Creek, OK",1433809
02261,"Valdez-Cordova Census Area, AK*",1430497
55033,"Dunn, WI",1430362
26067,"Ionia, MI",1429178
04023,"Santa Cruz, AZ",1428520
37047,"Columbus, NC",1428392
42093,"Montour, PA",1427816
01115,"St. Clair, AL",1427231
42109,"Snyder, PA",1424071
29023,"Butler, MO",1423027
12119,"Sumter, FL",1421502
26063,"Huron, MI",1413603
19179,"Wapello, IA",1409940
31001,"Adams, NE",1408861
29161,"Phelps, MO",1408446
13009,"Baldwin, GA",1403780
23023,"Sagadahoc, ME",1400206
13053,"Chattahoochee, GA",1399135
13069,"Coffee, GA",1397679
12051,"Hendry, FL",1396348
21113,"Jessamine, KY",1395195
51083,"Halifax, VA",1394471
40121,"Pittsburg, OK",1391692
40137,"Stephens, OK",1390210
18083,"Knox, IN",1386845
18073,"Jasper, IN",1385914
33019,"Sullivan, NH",1385349
13013,"Barrow, GA",1383667
48393,"Roberts, TX",1381987
48189,"Hale, TX",1378282
26059,"Hillsdale, MI",1376354
51099,"King George, VA",1372762
01051,"Elmore, AL",1372071
54045,"Logan, WV",1370854
46011,"Brookings, SD",1367973
48265,"Kerr, TX",1367878
29027,"Callaway, MO",1366371
21009,"Barren, KY",1365942
36121,"Wyoming, NY",1365852
29029,"Camden, MO",1359332
31157,"Scotts Bluff, NE",1356641
28045,"Hancock, MS",1356023
48249,"Jim Wells, TX",1352682
01047,"Dallas, AL",1352021
20057,"Ford, KS",1351269
39097,"Madison, OH",1346706
42127,"Wayne, PA",1346522
27083,"Lyon, MN",1346164
29009,"Barry, MO",1341705
24035,"Queen Anne's, MD",1339588
01053,"Escambia, AL",1339497
22077,"Pointe Coupee, LA",1339133
25007,"Dukes, MA",1335649
47035,"Cumberland, TN",1334977
13137,"Habersham, GA",1331213
25019,"Nantucket, MA",1330701
17007,"Boone, IL",1330495
42087,"Mifflin, PA",1330435
21049,"Clark, KY",1329731
32019,"Lyon, NV",1327816
42065,"Jefferson, PA",1326700
13047,"Catoosa, GA",1324413
28105,"Oktibbeha, MS",1324389
48021,"Bastrop, TX",1321680
13295,"Walker, GA",1315881
16013,"Blaine, ID",1314468
18109,"Morgan, IN",1309740
17137,"Morgan, IL",1308462
47053,"Gibson, TN",1307825
48073,"Cherokee, TX",1307451
08085,"Montrose, CO",1306340
27007,"Beltrami, MN",1305884
50001,"Addison, VT",1304633
48105,"Crockett, TX",1302608
36031,"Essex, NY",1301234
27025,"Chisago, MN",1300704
48473,"Waller, TX",1298893
26023,"Branch, MI",1296984
21041,"Carroll, KY",1294739
37181,"Vance, NC",1292787
48461,"Upton, TX",1291956
22031,"De Soto, LA",1286296
17021,"Christian, IL",1285956
39059,"Guernsey, OH",1280795
20149,"Pottawatomie, KS",1279754
27015,"Brown, MN",1279612
29201,"Scott, MO",1278564
47073,"Hawkins, TN",1276588
21157,"Marshall, KY",1274281
42031,"Clarion, PA",1271663
26041,"Delta, MI",1267579
30093,"Silver Bow, MT",1266556
13299,"Ware, GA",1266231
47105,"Loudon, TN",1260343
18077,"Jefferson, IN",1259966
39137,"Putnam, OH",1258794
40097,"Mayes, OK",1257559
42047,"Elk, PA",1257368
51067,"Franklin, VA",1256739
18017,"Cass, IN",1254489
55045,"Green, WI",1254086
48499,"Wood, TX",1253140
28073,"Lamar, MS",1252753
36003,"Allegany, NY",1251804
17117,"Macoupin, IL",1250293
21211,"Shelby, KY",1250072
22049,"Jackson, LA",1245405
55095,"Polk, WI",1245270
21177,"Muhlenberg, KY",1243067
06009,"Calaveras, CA",1237708
17073,"Henry, IL",1236390
42009,"Bedford, PA",1234867
53017,"Douglas, WA",1232032
08081,"Moffat, CO",1230359
16017,"Bonner, ID",1228846
12063,"Jackson, FL",1228721
53045,"Mason, WA",1225926
21035,"Calloway, KY",1225425
32013,"Humboldt, NV",1223636
08087,"Morgan, CO",1221943
48049,"Brown, TX",1221318
24019,"Dorchester, MD",1219402
48233,"Hutchinson, TX",1218784
27103,"Nicollet, MN",1217407
13033,"Burke, GA",1216859
39001,"Adams, OH",1216308
33007,"Coos, NH",1215915
40123,"Pontotoc, OK",1215767
37093,"Hoke, NC",1212627
21179,"Nelson, KY",1209922
08043,"Fremont, CO",1207783
26015,"Barry, MI",1207195
54059,"Mingo, WV",1206603
20111,"Lyon, KS",1205732
18001,"Adams, IN",1203418
13071,"Colquitt, GA",1202428
19099,"Jasper, IA",1201165
21021,"Boyle, KY",1200585
22069,"Natchitoches, LA",1200544
21089,"Greenup, KY",1200193
18069,"Huntington, IN",1198373
49021,"Iron, UT",1196859
53047,"Okanogan, WA",1196836
08051,"Gunnison, CO",1196739
20037,"Crawford, KS",1196652
17121,"Marion, IL",1195941
53037,"Kittitas, WA",1195370
21185,"Oldham, KY",1194051
17103,"Lee, IL",1192544
47131,"Obion, TN",1192176
29043,"Christian, MO",1192025
05091,"Miller, AR",1191495
18093,"Lawrence, IN",1189625
28083,"Leflore, MS",1189564
37165,"Scotland, NC",1189034
54037,"Jefferson, WV",1186483
26165,"Wexford, MI",1185677
26057,"Gratiot, MI",1184756
37099,"Jackson, NC",1184699
47043,"Dickson, TN",1184012
55121,"Trempealeau, WI",1183617
18137,"Ripley, IN",1183005
48179,"Gray, TX",1181396
42061,"Huntingdon, PA",1180538
48349,"Navarro, TX",1180436
48103,"Crane, TX",1178778
48273,"Kleberg, TX",1176065
48097,"Cooke, TX",1175925
40051,"Grady, OK",1175309
05055,"Greene, AR",1173180
35061,"Valencia, NM",1171948
22053,"Jefferson Davis, LA",1171805
12039,"Gadsden, FL",1170200
42103,"Pike, PA",1170013
21029,"Bullitt, KY",1166126
39069,"Henry, OH",1165110
55029,"Door, WI",1161683
45025,"Chesterfield, SC",1158189
55015,"Calumet, WI",1156397
46029,"Codington, SD",1154152
26157,"Tuscola, MI",1153324
17011,"Bureau, IL",1152178
51027,"Buchanan, VA",1151787
42035,"Clinton, PA",1151113
47177,"Warren, TN",1150549
01113,"Russell, AL",1149295
01123,"Tallapoosa, AL",1149114
47143,"Rhea, TN",1147520
26123,"Newaygo, MI",1145197
40079,"Le Flore, OK",1144478
01031,"Coffee, AL",1144119
27097,"Morrison, MN",1142368
56001,"Albany, WY",1139210
51945,"Rockbridge, Buena Vista + Lexington, VA*",1137998
47123,"Monroe, TN",1134870
19149,"Plymouth, IA",1134354
54029,"Hancock, WV",1133255
05009,"Boone, AR",1133135
48211,"Hemphill, TX",1126173
01001,"Autauga, AL",1125576
18065,"Henry, IN",1122454
21071,"Floyd, KY",1122102
26033,"Chippewa, MI",1121771
51173,"Smyth, VA",1121572
18151,"Steuben, IN",1118687
26151,"Sanilac, MI",1117861
24023,"Garrett, MD",1117782
26043,"Dickinson, MI",1116477
48185,"Grimes, TX",1116162
49007,"Carbon, UT",1115285
42117,"Tioga, PA",1114462
36073,"Orleans, NY",1114372
56007,"Carbon, WY",1109431
18087,"Lagrange, IN",1109164
16057,"Latah, ID",1108318
54019,"Fayette, WV",1106413
17165,"Saline, IL",1105923
55115,"Shawano, WI",1102078
37069,"Franklin, NC",1100094
13213,"Murray, GA",1095242
29091,"Howell, MO",1094352
46083,"Lincoln, SD",1093223
28143,"Tunica, MS",1092519
18023,"Clinton, IN",1091305
26027,"Cass, MI",1090896
37169,"Stokes, NC",1089132
56033,"Sheridan, WY",1089131
41045,"Malheur, OR",1088930
17109,"McDonough, IL",1085871
39021,"Champaign, OH",1083720
28113,"Pike, MS",1083656
06027,"Inyo, CA",1081613
31047,"Dawson, NE",1081455
05005,"Baxter, AR",1081018
40139,"Texas, OK",1077671
56041,"Uinta, WY",1077490
27091,"Martin, MN",1075521
21083,"Graves, KY",1073205
20051,"Ellis, KS",1073050
27047,"Freeborn, MN",1072022
06035,"Lassen, CA",1071984
06051,"Mono, CA",1070608
23007,"Franklin, ME",1069317
27017,"Carlton, MN",1069245
48425,"Somervell, TX",1068329
27005,"Becker, MN",1063545
18031,"Decatur, IN",1062031
17135,"Montgomery, IL",1061036
26007,"Alpena, MI",1059949
55049,"Iowa, WI",1059908
18147,"Spencer, IN",1059377
13103,"Effingham, GA",1057229
19027,"Carroll, IA",1056041
40049,"Garvin, OK",1055112
01039,"Covington, AL",1054225
39135,"Preble, OH",1051759
23029,"Washington, ME",1051747
36123,"Yates, NY",1051595
54099,"Wayne, WV",1050629
28099,"Neshoba, MS",1050256
16011,"Bingham, ID",1049445
56029,"Park, WY",1048467
48285,"Lavaca, TX",1046630
36107,"Tioga, NY",1045379
54009,"Brooke, WV",1042197
48199,"Hardin, TX",1041823
01109,"Pike, AL",1041517
40021,"Cherokee, OK",1040826
54025,"Greenbrier, WV",1040445
51187,"Warren, VA",1040280
41009,"Columbia, OR",1038828
39071,"Highland, OH",1038430
47089,"Jefferson, TN",1037397
06021,"Glenn, CA",1037213
30087,"Rosebud, MT",1036319
16031,"Cassia, ID",1034997
29127,"Marion, MO",1033450
20035,"Cowley, KS",1033023
18169,"Wabash, IN",1032870
21239,"Woodford, KY",1031281
12093,"Okeechobee, FL",1030092
48015,"Austin, TX",1029229
27105,"Nobles, MN",1029167
48099,"Coryell, TX",1027501
05085,"Lonoke, AR",1027094
13087,"Decatur, GA",1027020
13261,"Sumter, GA",1025490
48323,"Maverick, TX",1025252
36099,"Seneca, NY",1024959
12049,"Hardee, FL",1024048
47079,"Henry, TN",1023284
06063,"Plumas, CA",1022765
47183,"Weakley, TN",1020895
29175,"Randolph, MO",1020111
48223,"Hopkins, TX",1019977
45071,"Newberry, SC",1018821
20079,"Harvey, KS",1018337
42131,"Wyoming, PA",1018197
28109,"Pearl River, MS",1017866
27119,"Polk, MN",1016478
35017,"Grant, NM",1014803
47167,"Tipton, TN",1013083
39161,"Van Wert, OH",1011587
48419,"Shelby, TX",1009637
23015,"Lincoln, ME",1009031
48221,"Hood, TX",1008892
13001,"Appling, GA",1007618
28003,"Alcorn, MS",1005845
20009,"Barton, KS",1005240
26107,"Mecosta, MI",1004427
21095,"Harlan, KY",1004322
48053,"Burnet, TX",1001891
13233,"Polk, GA",999319
48459,"Upshur, TX",994531
39087,"Lawrence, OH",993251
13237,"Putnam, GA",992259
26061,"Houghton, MI",990948
17027,"Clinton, IL",989350
48175,"Goliad, TX",986063
40013,"Bryan, OK",985745
40065,"Jackson, OK",984883
51117,"Mecklenburg, VA",983277
48259,"Kendall, TX",981632
29105,"Laclede, MO",981141
31043,"Dakota, NE",980707
32001,"Churchill, NV",978331
48435,"Sutton, TX",976625
20175,"Seward, KS",976424
18061,"Harrison, IN",975492
28011,"Bolivar, MS",974354
55069,"Lincoln, WI",972692
51197,"Wythe, VA",971833
22023,"Cameron, LA",968860
48143,"Erath, TX",968394
26137,"Otsego, MI",968303
28095,"Monroe, MS",967582
37113,"Macon, NC",967117
39175,"Wyandot, OH",964649
16039,"Elmore, ID",962029
18027,"Daviess, IN",959748
48373,"Polk, TX",959528
29207,"Stoddard, MO",958166
35055,"Taos, NM",958013
40153,"Woodward, OK",956996
47099,"Lawrence, TN",954493
48475,"Ward, TX",953722
19021,"Buena Vista, IA",951039
12121,"Suwannee, FL",950813
51167,"Russell, VA",949475
50005,"Caledonia, VT",946800
19017,"Bremer, IA",945182
42105,"Potter, PA",943621
48013,"Atascosa, TX",943540
18103,"Miami, IN",943021
48241,"Jasper, TX",942813
29113,"Lincoln, MO",941241
28085,"Lincoln, MS",939423
39079,"Jackson, OH",939128
51913,"Carroll + Galax, VA*",938162
24011,"Caroline, MD",936683
55019,"Clark, WI",936514
31177,"Washington, NE",936387
26029,"Charlevoix, MI",936253
51023,"Botetourt, VA",933948
48467,"Van Zandt, TX",932049
50015,"Lamoille, VT",929980
40009,"Beckham, OK",927334
28001,"Adams, MS",926252
18183,"Whitley, IN",925964
37141,"Pender, NC",924467
18133,"Putnam, IN",924441
45023,"Chester, SC",923451
16023,"Butte, ID",923269
48289,"Leon, TX",919811
53065,"Stevens, WA",919327
39047,"Fayette, OH",917602
17203,"Woodford, IL",916843
37059,"Davie, NC",915220
01099,"Monroe, AL",914560
45029,"Colleton, SC",913832
06011,"Colusa, CA",912606
22117,"Washington, LA",912450
17055,"Franklin, IL",912416
18179,"Wells, IN",911095
28107,"Panola, MS",909860
19157,"Poweshiek, IA",908215
01059,"Franklin, AL",907251
48047,"Brooks, TX",906860
23027,"Waldo, ME",903682
01005,"Barbour, AL",901636
47019,"Carter, TN",901440
51137,"Orange, VA",901233
12027,"DeSoto, FL",900068
41065,"Wasco, OR",898856
47013,"Campbell, TN",898808
21235,"Whitley, KY",898443
38105,"Williams, ND",897968
55093,"Pierce, WI",897534
46127,"Union, SD",896633
38089,"Stark, ND",895993
48025,"Bee, TX",895651
01093,"Marion, AL",894395
37015,"Bertie, NC",894379
21141,"Logan, KY",893067
39131,"Pike, OH",886585
47051,"Franklin, TN",886208
46065,"Hughes, SD",885666
29143,"New Madrid, MO",884776
47085,"Humphreys, TN",884765
19095,"Iowa, IA",884543
17039,"De Witt, IL",883772
38093,"Stutsman, ND",882054
17127,"Massac, IL",880480
19015,"Boone, IA",880443
46135,"Yankton, SD",878313
27059,"Isanti, MN",877659
48331,"Milam, TX",877206
22011,"Beauregard, LA",875744
24029,"Kent, MD",873015
38059,"Morton, ND",871713
51181,"Surry, VA",871676
55083,"Oconto, WI",870543
55123,"Vernon, WI",869917
26105,"Mason, MI",869247
40039,"Custer, OK",867766
13305,"Wayne, GA",867737
31067,"Gage, NE",866253
29069,"Dunklin, MO",865515
37117,"Martin, NC",865238
40089,"McCurtain, OK",864533
48131,"Duval, TX",864343
39065,"Hardin, OH",858739
29007,"Audrain, MO",858489
48117,"Deaf Smith, TX",851192
05001,"Arkansas, AR",851122
19083,"Hardin, IA",849704
46035,"Davison, SD",848920
54083,"Randolph, WV",848880
13205,"Mitchell, GA",848306
05003,"Ashley, AR",848248
17075,"Iroquois, IL",848084
37175,"Transylvania, NC",846629
19079,"Hamilton, IA",845455
19087,"Henry, IA",843749
08125,"Yuma, CO",842415
08075,"Logan, CO",841011
41057,"Tillamook, OR",839701
36095,"Schoharie, NY",839046
08103,"Rio Blanco, CO",837639
19191,"Winneshiek, IA",835693
42115,"Susquehanna, PA",835665
01009,"Blount, AL",834887
48279,"Lamb, TX",833901
01017,"Chambers, AL",832537
21161,"Mason, KY",831653
47117,"Marshall, TN",830711
30081,"Ravalli, MT",830508
47025,"Claiborne, TN",830363
46081,"Lawrence, SD",830212
41049,"Morrow, OR",829186
12075,"Levy, FL",827428
48297,"Live Oak, TX",827353
17041,"Douglas, IL",823760
48391,"Refugio, TX",823126
13123,"Gilmer, GA",821694
13279,"Toombs, GA",821371
47103,"Lincoln, TN",819891
54077,"Preston, WV",819759
16053,"Jerome, ID",817002
08029,"Delta, CO",814669
51073,"Gloucester, VA",813069
53031,"Jefferson, WA",813006
50019,"Orleans, VT",811815
13219,"Oconee, GA",811245
37123,"Montgomery, NC",810923
13257,"Stephens, GA",810827
56009,"Converse, WY",807223
05027,"Columbia, AR",806799
47161,"Stewart, TN",806161
27113,"Pennington, MN",804673
48363,"Palo Pinto, TX",804069
45039,"Fairfield, SC",803455
48065,"Carson, TX",802555
27135,"Roseau, MN",800859
47021,"Cheatham, TN",800594
47077,"Henderson, TN",799909
51903,"Alleghany + Covington, VA*",798395
17057,"Fulton, IL",798206
28043,"Grenada, MS",796799
47055,"Giles, TN",796740
37197,"Yadkin, NC",796642
17107,"Logan, IL",795629
22125,"West Feliciana, LA",794642
06015,"Del Norte, CA",793675
37003,"Alexander, NC",792174
29195,"Saline, MO",791766
51009,"Amherst, VA",791462
41061,"Union, OR",791137
54067,"Nicholas, WV",789963
18101,"Martin, IN",789053
21173,"Montgomery, KY",789046
40113,"Osage, OK",788612
16065,"Madison, ID",787589
13149,"Heard, GA",787546
40115,"Ottawa, OK",786701
22039,"Evangeline, LA",786679
27021,"Cass, MN",786619
21133,"Letcher, KY",785458
19181,"Warren, IA",785282
27057,"Hubbard, MN",784716
39019,"Carroll, OH",782937
49015,"Emery, UT",781694
47047,"Fayette, TN",781547
19041,"Clay, IA",780769
29001,"Adair, MO",780390
08071,"Las Animas, CO",780378
28123,"Scott, MS",779027
22099,"St. Martin, LA",777547
29107,"Lafayette, MO",776245
18181,"White, IN",775607
18165,"Vermillion, IN",773552
01025,"Clarke, AL",770864
27079,"Le Sueur, MN",768934
22027,"Claiborne, LA",767144
28027,"Coahoma, MS",767007
42099,"Perry, PA",766528
54035,"Jackson, WV",765292
55125,"Vilas, WI",764773
29083,"Henry, MO",764278
28115,"Pontotoc, MS",763065
55057,"Juneau, WI",761249
17085,"Jo Daviess, IL",761001
48089,"Colorado, TX",759220
48357,"Ochiltree, TX",758356
19109,"Kossuth, IA",758227
26133,"Osceola, MI",755185
48487,"Wilbarger, TX",754226
21013,"Bell, KY",753440
05015,"Carroll, AR",752294
22009,"Avoyelles, LA",751867
36049,"Lewis, NY",751451
51949,"Southampton + Franklin, VA*",751261
18041,"Fayette, IN",748813
21213,"Simpson, KY",745558
22013,"Bienville, LA",744720
26101,"Manistee, MI",742720
48483,"Wheeler, TX",741328
08119,"Teller, CO",741267
37091,"Hertford, NC",741147
31131,"Otoe, NE",740958
05059,"Hot Spring, AR",740777
48225,"Houston, TX",740644
01021,"Chilton, AL",740213
01129,"Washington, AL",739869
16047,"Gooding, ID",739521
19059,"Dickinson, IA",739395
54109,"Wyoming, WV",739339
29109,"Lawrence, MO",737967
19047,"Crawford, IA",737921
24039,"Somerset, MD",737397
40111,"Okmulgee, OK",736578
55119,"Taylor, WI",735518
21119,"Knott, KY",734789
29147,"Nodaway, MO",732819
17133,"Monroe, IL",731006
41027,"Hood River, OR",729589
37007,"Anson, NC",729088
47071,"Hardin, TN",729070
22003,"Allen, LA",728782
05123,"St. Francis, AR",727626
27157,"Wabasha, MN",727026
48495,"Winkler, TX",725726
45089,"Williamsburg, SC",724174
45069,"Marlboro, SC",721027
50017,"Orange, VT",718241
13227,"Pickens, GA",717585
22067,"Morehouse, LA",716333
17191,"Wayne, IL",716240
56023,"Lincoln, WY",715954
45033,"Dillon, SC",710814
38057,"Mercer, ND",710648
01091,"Marengo, AL",708775
29157,"Perry, MO",708363
05019,"Clark, AR",707830
39015,"Brown, OH",707751
49041,"Sevier, UT",707506
02130,"Ketchikan Gateway Borough, AK*",707285
19123,"Mahaska, IA",706762
13119,"Franklin, GA",706625
13303,"Washington, GA",706393
27129,"Renville, MN",706047
37009,"Ashe, NC",704897
21167,"Mercer, KY",704283
01079,"Lawrence, AL",703686
28133,"Sunflower, MS",703400
13081,"Crisp, GA",703239
47109,"McNairy, TN",702875
21183,"Ohio, KY",701440
21233,"Webster, KY",699512
26109,"Menominee, MI",699320
53001,"Adams, WA",697832
37039,"Cherokee, NC",697429
27095,"Mille Lacs, MN",694327
01023,"Choctaw, AL",694281
49027,"Millard, UT",694121
45067,"Marion, SC",693799
18075,"Jay, IN",693489
40041,"Delaware, OK",693441
05057,"Hempstead, AR",693426
38077,"Richland, ND",693394
18125,"Pike, IN",692643
27127,"Redwood, MN",692572
01133,"Winston, AL",692037
04009,"Graham, AZ",690752
54097,"Upshur, WV",688841
55053,"Jackson, WI",688621
48123,"DeWitt, TX",688015
19067,"Floyd, IA",686414
35029,"Luna, NM",685093
21225,"Union, KY",684391
48287,"Lee, TX",684361
48463,"Uvalde, TX",683990
48239,"Jackson, TX",683558
48369,"Parmer, TX",683079
20059,"Franklin, KS",682993
30003,"Big Horn, MT",682047
48067,"Cass, TX",680722
21091,"Hancock, KY",680446
42067,"Juniata, PA",679605
32015,"Lander, NV",678305
47029,"Cocke, TN",676803
13189,"McDuffie, GA",676339
54053,"Mason, WV",675142
21217,"Taylor, KY",674937
48115,"Dawson, TX",674863
47185,"White, TN",674331
26069,"Iosco, MI",673913
08049,"Grand, CO",673787
55003,"Ashland, WI",673258
51147,"Prince Edward, VA",671644
13225,"Peach, GA",671601
48195,"Hansford, TX",670288
12123,"Taylor, FL",669959
28021,"Claiborne, MS",668696
40135,"Sequoyah, OK",668033
31151,"Saline, NE",667346
48383,"Reagan, TX",667068
26035,"Clare, MI",666623
31185,"York, NE",665018
12007,"Bradford, FL",663902
27161,"Waseca, MN",663816
55067,"Langlade, WI",663180
21121,"Knox, KY",663091
08113,"San Miguel, CO",662623
06043,"Mariposa, CA",662274
35047,"San Miguel, NM",660303
05071,"Johnson, AR",659938
47017,"Carroll, TN",658528
40133,"Seminole, OK",658280
18153,"Sullivan, IN",657230
02150,"Kodiak Island Borough, AK",655332
55061,"Kewaunee, WI",654322
13147,"Hart, GA",653514
18135,"Randolph, IN",650906
51071,"Giles, VA",650678
49013,"Duchesne, UT",650270
19101,"Jefferson, IA",650014
13055,"Chattooga, GA",649915
19081,"Hancock, IA",649490
35006,"Cibola, NM",648675
26031,"Cheboygan, MI",648226
05111,"Poinsett, AR",648076
48503,"Young, TX",645620
55011,"Buffalo, WI",643227
18079,"Jennings, IN",641701
40145,"Wagoner, OK",641345
08019,"Clear Creek, CO",641109
48445,"Terry, TX",641099
21205,"Rowan, KY",640487
19183,"Washington, IA",640161
48171,"Gillespie, TX",639854
13105,"Elbert, GA",638154
55047,"Green Lake, WI",637999
20099,"Labette, KS",637930
46005,"Beadle, SD",637740
48325,"Medina, TX",635324
27093,"Meeker, MN",633461
05061,"Howard, AR",632426
27045,"Fillmore, MN",632081
31137,"Phelps, NE",630514
13017,"Ben Hill, GA",630402
19065,"Fayette, IA",630282
29131,"Miller, MO",629118
40015,"Caddo, OK",628920
04012,"La Paz, AZ",628435
17045,"Edgar, IL",628354
29167,"Polk, MO",627796
26127,"Oceana, MI",625329
51139,"Page, VA",624529
18055,"Greene, IN",624164
13293,"Upson, GA",622296
39127,"Perry, OH",621325
19019,"Buchanan, IA",620916
45053,"Jasper, SC",616721
16029,"Caribou, ID",616588
28163,"Yazoo, MS",616349
30041,"Hill, MT",614773
20121,"Miami, KS",614638
48343,"Morris, TX",614430
27115,"Pine, MN",613778
18143,"Scott, IN",613491
28145,"Union, MS",612622
48301,"Loving, TX",612193
18021,"Clay, IN",612107
13107,"Emanuel, GA",612016
45027,"Clarendon, SC",611916
48177,"Gonzales, TX",611478
27043,"Faribault, MN",610934
22029,"Concordia, LA",610065
51923,"Greensville + Emporia, VA*",609187
31039,"Cuming, NE",608485
30047,"Lake, MT",608030
55023,"Crawford, WI",607461
29217,"Vernon, MO",606603
02188,"Northwest Arctic Borough, AK",606515
54047,"McDowell, WV",605113
05149,"Yell, AR",604383
27153,"Todd, MN",603850
48443,"Terrell, TX",602119
28029,"Copiah, MS",600544
48489,"Willacy, TX",600328
41013,"Crook, OR",599967
28025,"Clay, MS",599189
27063,"Jackson, MN",598713
27023,"Chippewa, MN",598292
47069,"Hardeman, TN",598228
40087,"McClain, OK",598095
19197,"Wright, IA",597098
55113,"Sawyer, WI",596898
45087,"Union, SC",596224
29225,"Webster, MO",594316
05083,"Logan, AR",594232
19043,"Clayton, IA",594174
48069,"Castro, TX",593761
51145,"Powhatan, VA",591825
39073,"Hocking, OH",591272
40073,"Kingfisher, OK",590263
17017,"Cass, IL",589949
29119,"McDonald, MO",589821
19141,"O'Brien, IA",589673
35041,"Roosevelt, NM",589241
19035,"Cherokee, IA",587560
08003,"Alamosa, CO",587201
18049,"Fulton, IN",587094
27039,"Dodge, MN",586887
21017,"Bourbon, KY",585800
08047,"Gilpin, CO",585307
16067,"Minidoka, ID",584628
37131,"Northampton, NC",584072
41015,"Curry, OR",583382
08089,"Otero, CO",582877
13291,"Union, GA",582544
54057,"Mineral, WV",581764
27075,"Lake, MN",581476
26143,"Roscommon, MI",581229
08099,"Prowers, CO",581182
13143,"Haralson, GA",581058
47041,"DeKalb, TN",581042
28117,"Prentiss, MS",580818
19011,"Benton, IA",580762
13187,"Lumpkin, GA",580574
48311,"McMullen, TX",580393
32033,"White Pine, NV",579188
39117,"Morrow, OH",579075
02050,"Bethel Census Area, AK*",578589
26089,"Leelanau, MI",577689
46093,"Meade, SD",575898
17187,"Warren, IL",575759
20031,"Coffey, KS",575634
37011,"Avery, NC",574910
37053,"Currituck, NC",574227
51131,"Northampton, VA",574139
05103,"Ouachita, AR",573613
47075,"Haywood, TN",570884
17145,"Perry, IL",569718
28139,"Tippah, MS",568789
40103,"Noble, OK",568023
48051,"Burleson, TX",567865
48147,"Fannin, TX",567339
17079,"Jasper, IL",567257
47115,"Marion, TN",567133
20067,"Grant, KS",566837
55137,"Waushara, WI",565049
28091,"Marion, MS",565013
17173,"Shelby, IL",564982
47171,"Unicoi, TN",564795
21085,"Grayson, KY",564700
27071,"Koochiching, MN",564000
48217,"Hill, TX",563940
13131,"Grady, GA",563213
46051,"Grant, SD",562009
45011,"Barnwell, SC",561835
20191,"Sumner, KS",561184
47097,"Lauderdale, TN",561178
29209,"Stone, MO",559877
12129,"Wakulla, FL",559723
26009,"Antrim, MI",558606
13211,"Morgan, GA",558149
13163,"Jefferson, GA",557721
35027,"Lincoln, NM",557549
40081,"Lincoln, OK",557392
05107,"Phillips, AR",557288
29013,"Bates, MO",557059
29219,"Warren, MO",556207
20041,"Dickinson, KS",556059
17139,"Moultrie, IL",554918
20011,"Bourbon, KS",554875
17051,"Fayette, IL",554205
37121,"Mitchell, NC",553458
31159,"Seward, NE",552898
18015,"Carroll, IN",552379
20133,"Neosho, KS",550827
28127,"Simpson, MS",550777
27149,"Stevens, MN",550633
30095,"Stillwater, MT",550555
48295,"Lipscomb, TX",549007
48353,"Nolan, TX",548328
19055,"Delaware, IA",548197
13311,"White, GA",547907
55099,"Price, WI",546997
05043,"Drew, AR",546946
53049,"Pacific, WA",546493
17193,"White, IL",546428
30083,"Richland, MT",545710
22007,"Assumption, LA",545490
53055,"San Juan, WA",545421
45037,"Edgefield, SC",543626
31013,"Box Butte, NE",543387
13085,"Dawson, GA",543116
19005,"Allamakee, IA",541030
26129,"Ogemaw, MI",540792
21155,"Marion, KY",540551
13099,"Early, GA",540453
45001,"Abbeville, SC",539914
55103,"Richland, WI",537994
48389,"Reeves, TX",535703
16079,"Shoshone, ID",535626
42057,"Fulton, PA",535548
41031,"Jefferson, OR",534854
53039,"Klickitat, WA",533355
27033,"Cottonwood, MN",532038
18175,"Washington, IN",531503
31033,"Cheyenne, NE",531244
19105,"Jones, IA",530242
16075,"Payette, ID",530192
19145,"Page, IA",529934
17159,"Richland, IL",529571
20021,"Cherokee, KS",528560
13319,"Wilkinson, GA",527737
48055,"Caldwell, TX",525856
17067,"Hancock, IL",523474
18139,"Rush, IN",523205
35007,"Colfax, NM",522992
31025,"Cass, NE",522329
05023,"Cleburne, AR",522189
29186,"Ste. Genevieve, MO",521113
13267,"Tattnall, GA",521058
49039,"Sanpete, UT",518453
37041,"Chowan, NC",517521
28093,"Marshall, MS",517214
12133,"Washington, FL",516953
13035,"Butts, GA",515476
19171,"Tama, IA",515257
05041,"Desha, AR",515242
18123,"Perry, IN",514642
48133,"Eastland, TX",514439
12003,"Baker, FL",513776
29163,"Pike, MO",512295
17053,"Ford, IL",512198
05029,"Conway, AR",512049
19119,"Lyon, IA",510867
05067,"Jackson, AR",510535
13241,"Rabun, GA",510028
51065,"Fluvanna, VA",510015
48007,"Aransas, TX",509954
05081,"Little River, AR",509700
27117,"Pipestone, MN",509331
05047,"Franklin, AR",509075
40083,"Logan, OK",509072
35053,"Socorro, NM",507568
01061,"Geneva, AL",506055
13029,"Bryan, GA",505896
55001,"Adams, WI",505835
51105,"Lee, VA",505674
19175,"Union, IA",503859
53003,"Asotin, WA",502375
17189,"Washington, IL",502117
22085,"Sabine, LA",500347
08015,"Chaffee, CO",497943
28007,"Attala, MS",497400
27165,"Watonwan, MN",495140
55129,"Washburn, WI",494637
46079,"Lake, SD",494526
19029,"Cass, IA",494383
48421,"Sherman, TX",494132
39111,"Monroe, OH",491521
20005,"Atchison, KS",491503
49051,"Wasatch, UT",490022
56003,"Big Horn, WY",488424
19097,"Jackson, IA",488210
28137,"Tate, MS",487238
45049,"Hampton, SC",487088
01013,"Butler, AL",486538
22065,"Madison, LA",486436
18119,"Owen, IN",485996
02016,"Aleutians West Census Area, AK*",484880
28079,"Leake, MS",484568
51033,"Caroline, VA",484111
22083,"Richland, LA",484058
29117,"Livingston, MO",483867
48317,"Martin, TX",481448
28017,"Chickasaw, MS",480515
13019,"Berrien, GA",479771
28153,"Wayne, MS",479535
31037,"Colfax, NE",478963
31155,"Saunders, NE",478431
37173,"Swain, NC",477792
18047,"Franklin, IN",477640
18131,"Pulaski, IN",475755
01111,"Randolph, AL",475426
39125,"Paulding, OH",475042
13111,"Fannin, GA",474578
05113,"Polk, AR",474527
27055,"Houston, MN",474396
29155,"Pemiscot, MO",473606
26051,"Gladwin, MI",473399
18117,"Orange, IN",473004
48253,"Jones, TX",472506
21127,"Lawrence, KY",471853
21159,"Martin, KY",471506
18045,"Fountain, IN",471252
27173,"Yellow Medicine, MN",471243
02240,"Southeast Fairbanks Census Area, AK*",470260
27159,"Wadena, MN",469832
17125,"Mason, IL",469706
17025,"Clay, IL",469318
13091,"Dodge, GA",469251
17015,"Carroll, IL",468839
36097,"Schuyler, NY",468621
01087,"Macon, AL",467886
29053,"Cooper, MO",467007
54041,"Lewis, WV",466757
17005,"Bond, IL",466627
22111,"Union, LA",465998
48457,"Tyler, TX",464930
29055,"Crawford, MO",464395
21115,"Johnson, KY",464282
29215,"Texas, MO",464035
31127,"Nemaha, NE",463384
17083,"Jersey, IL",461921
29121,"Macon, MO",461188
26053,"Gogebic, MI",461003
29141,"Morgan, MO",459438
28031,"Covington, MS",459311
23021,"Piscataquis, ME",458753
48261,"Kenedy, TX",458265
19069,"Franklin, IA",458091
51135,"Nottoway, VA",457051
13177,"Lee, GA",456472
19075,"Grundy, IA",456059
31145,"Red Willow, NE",455764
17023,"Clark, IL",455648
05037,"Cross, AR",454235
21097,"Harrison, KY",453627
19165,"Shelby, IA",453530
27133,"Rock, MN",453363
27151,"Swift, MN",452074
30053,"Lincoln, MT",452011
22041,"Franklin, LA",451939
19115,"Louisa, IA",451889
21043,"Carter, KY",449849
55065,"Lafayette, WI",448743
38055,"McLean, ND",447744
48493,"Wilson, TX",447698
40001,"Adair, OK",447528
20001,"Allen, KS",446281
54023,"Grant, WV",445508
17149,"Pike, IL",445235
19031,"Cedar, IA",444469
13133,"Greene, GA",444213
48205,"Hartley, TX",443646
51103,"Lancaster, VA",443073
47159,"Smith, TN",442969
28159,"Winston, MS",442463
56031,"Platte, WY",442238
48429,"Stephens, TX",441109
19037,"Chickasaw, IA",440765
48337,"Montague, TX",439101
20117,"Marshall, KS",438097
05133,"Sevier, AR",437510
28057,"Itawamba, MS",436520
54031,"Hardy, WV",435828
13199,"Meriwether, GA",435652
46027,"Clay, SD",435151
17181,"Union, IL",434875
37149,"Polk, NC",434803
51101,"King William, VA",434047
45017,"Calhoun, SC",433435
51043,"Clarke, VA",432684
48035,"Bosque, TX",431036
48437,"Swisher, TX",430761
19147,"Palo Alto, IA",429902
12037,"Franklin, FL",429594
28101,"Newton, MS",429470
01085,"Lowndes, AL",429070
22037,"East Feliciana, LA",428804
01019,"Cherokee, AL",428585
41001,"Baker, OR",428510
21005,"Anderson, KY",428425
48111,"Dallam, TX",426873
49037,"San Juan, UT",426534
16051,"Jefferson, ID",425586
39067,"Harrison, OH",425517
13109,"Evans, GA",424022
20107,"Linn, KS",422800
53051,"Pend Oreille, WA",421190
17155,"Putnam, IL",421106
29093,"Iron, MO",420959
55107,"Rusk, WI",420263
40035,"Craig, OK",420124
40023,"Choctaw, OK",419657
01131,"Wilcox, AL",419130
27001,"Aitkin, MN",418795
19023,"Butler, IA",417381
13193,"Macon, GA",417264
26097,"Mackinac, MI",417181
19137,"Montgomery, IA",417126
27143,"Sibley, MN",416814
31089,"Holt, NE",415740
47151,"Scott, TN",415395
17101,"Lawrence, IL",414166
51051,"Dickenson, VA",413883
13075,"Cook, GA",413799
40077,"Latimer, OK",412822
18159,"Tipton, IN",412457
21081,"Grant, KY",411220
06049,"Modoc, CA",411145
01057,"Fayette, AL",411137
48281,"Lampasas, TX",410728
02220,"Sitka City and Borough, AK",410245
05021,"Clay, AR",409031
26019,"Benzie, MI",409031
29011,"Barton, MO",408148
38071,"Ramsey, ND",407545
51169,"Scott, VA",407353
19161,"Sac, IA",407258
26011,"Arenac, MI",407091
38081,"Sargent, ND",407044
06105,"Trinity, CA",406749
47133,"Overton, TN",406380
38003,"Barnes, ND",406333
13195,"Madison, GA",406297
47111,"Macon, TN",406135
17123,"Marshall, IL",406003
26079,"Kalkaska, MI",404261
51141,"Patrick, VA",403402
12045,"Gulf, FL",401829
38099,"Walsh, ND",401078
12047,"Hamilton, FL",400014
55013,"Burnett, WI",399895
29115,"Linn, MO",397977
13145,"Harris, GA",397882
48299,"Llano, TX",397282
12079,"Madison, FL",396552
21207,"Russell, KY",396501
01063,"Greene, AL",396285
19077,"Guthrie, IA",396080
21163,"Meade, KY",394343
22127,"Winn, LA",393680
08063,"Kit Carson, CO",393591
28141,"Tishomingo, MS",393219
01107,"Pickens, AL",393022
20013,"Brown, KS",392671
47033,"Crockett, TN",391939
29073,"Gasconade, MO",391426
30035,"Glacier, MT",391174
05121,"Randolph, AR",390475
29177,"Ray, MO",390212
21231,"Wayne, KY",388484
08007,"Archuleta, CO",388464
30067,"Park, MT",387593
27101,"Murray, MN",387361
51025,"Brunswick, VA",387328
41055,"Sherman, OR",387107
22059,"LaSalle, LA",386649
05075,"Lawrence, AR",385762
19131,"Mitchell, IA",385746
54073,"Pleasants, WV",385579
35059,"Union, NM",384839
31081,"Hamilton, NE",384768
19189,"Winnebago, IA",384655
16085,"Valley, ID",384386
37115,"Madison, NC",382826
19091,"Humboldt, IA",382572
31095,"Jefferson, NE",382495
28129,"Smith, MS",382449
31041,"Custer, NE",382216
37079,"Greene, NC",382091
27121,"Pope, MN",381387
19025,"Calhoun, IA",381037
51183,"Sussex, VA",380398
28019,"Choctaw, MS",380376
39105,"Meigs, OH",379477
45081,"Saluda, SC",378676
56015,"Goshen, WY",378593
17147,"Piatt, IL",377518
51133,"Northumberland, VA",377456
16049,"Idaho, ID",376884
20081,"Haskell, KS",376702
18149,"Starke, IN",376082
48237,"Jack, TX",375457
30057,"Madison, MT",374973
08105,"Rio Grande, CO",374860
48247,"Jim Hogg, TX",374496
17185,"Wabash, IL",373177
19093,"Ida, IA",373145
26039,"Crawford, MI",372384
28061,"Jasper, MS",372382
48173,"Glasscock, TX",372361
49019,"Grand, UT",372302
01035,"Conecuh, AL",371863
29049,"Clinton, MO",371783
01041,"Crenshaw, AL",371561
19089,"Howard, IA",371399
48263,"Kent, TX",370773
01067,"Henry, AL",370037
21003,"Allen, KY",370000
19063,"Emmet, IA",369560
16077,"Power, ID",369546
40011,"Blaine, OK",368340
20193,"Thomas, KS",368129
02180,"Nome Census Area, AK*",367753
48079,"Cochran, TX",367217
19085,"Harrison, IA",366548
31003,"Antelope, NE",366445
21033,"Caldwell, KY",366202
48313,"Madison, TX",365434
19007,"Appanoose, IA",365033
20151,"Pratt, KS",364999
30027,"Fergus, MT",364694
37199,"Yancey, NC",364157
01027,"Clay, AL",363996
13321,"Worth, GA",363279
48017,"Bailey, TX",363230
18111,"Newton, IN",362484
30017,"Custer, MT",361508
19129,"Mills, IA",360253
55077,"Marquette, WI",359242
21137,"Lincoln, KY",358975
05013,"Calhoun, AR",358494
08039,"Elbert, CO",357892
47049,"Fentress, TN",356812
29135,"Moniteau, MO",356677
51125,"Nelson, VA",356521
48255,"Karnes, TX",356181
46023,"Charles Mix, SD",354518
51193,"Westmoreland, VA",354402
21007,"Ballard, KY",353291
21099,"Hart, KY",352506
20131,"Nemaha, KS",352281
48335,"Mitchell, TX",352193
01075,"Lamar, AL",351911
13161,"Jeff Davis, GA",350656
48043,"Brewster, TX",350312
31027,"Cedar, NE",349602
48169,"Garza, TX",348943
29211,"Sullivan, MO",348739
29229,"Wright, MO",348624
55007,"Bayfield, WI",347935
56019,"Johnson, WY",347608
01065,"Hale, AL",347332
31179,"Wayne, NE",347122
13251,"Screven, GA",346951
48093,"Comanche, TX",346697
17131,"Mercer, IL",346031
18009,"Blackford, IN",345736
19039,"Clarke, IA",345649
54101,"Webster, WV",345355
48153,"Floyd, TX",345162
38067,"Pembina, ND",345018
45061,"Lee, SC",344952
20069,"Gray, KS",344846
27065,"Kanabec, MN",344198
29221,"Washington, MO",344040
05087,"Madison, AR",342947
13093,"Dooly, GA",342753
17061,"Greene, IL",342614
45009,"Bamberg, SC",341732
19073,"Greene, IA",341298
54027,"Hampshire, WV",340983
30001,"Beaverhead, MT",340960
01119,"Sumter, AL",340589
20189,"Stevens, KS",339618
49001,"Beaver, UT",339519
19135,"Monroe, IA",338922
26071,"Iron, MI",338093
40099,"Murray, OK",337688
19143,"Osceola, IA",337268
28077,"Lawrence, MS",336199
48163,"Frio, TX",336119
54103,"Wetzel, WV",335332
13011,"Banks, GA",335007
40095,"Marshall, OK",335002
21051,"Clay, KY",334035
20147,"Phillips, KS",333918
19121,"Madison, IA",333901
12125,"Union, FL",333835
29151,"Osage, MO",333582
28039,"George, MS",333140
19151,"Pocahontas, IA",333052
47039,"Decatur, TN",331917
13171,"Lamar, GA",331750
05089,"Marion, AR",331435
39121,"Noble, OH",331074
29065,"Dent, MO",330769
48145,"Falls, TX",330591
29015,"Benton, MO",329582
20115,"Marion, KS",329480
26141,"Presque Isle, MI",329399
37005,"Alleghany, NC",328989
13229,"Pierce, GA",328708
47081,"Hickman, TN",327939
21131,"Leslie, KY",327462
21221,"Trigg, KY",327178
29133,"Mississippi, MO",327028
13023,"Bleckley, GA",326861
51113,"Madison, VA",326749
56043,"Washakie, WY",326721
05011,"Bradley, AR",325727
01007,"Bibb, AL",324342
35057,"Torrance, NM",324001
51057,"Essex, VA",322858
16073,"Owyhee, ID",322816
22043,"Grant, LA",322296
40061,"Haskell, OK",322087
30021,"Dawson, MT",321181
13169,"Jones, GA",320126
12059,"Holmes, FL",319894
20205,"Wilson, KS",318174
05017,"Chicot, AR",317800
20159,"Rice, KS",317550
48351,"Newton, TX",317401
37185,"Warren, NC",316640
20085,"Jackson, KS",316637
26113,"Missaukee, MI",316171
56045,"Weston, WY",316109
13083,"Dade, GA",315346
21219,"Todd, KY",315033
29173,"Ralls, MO",314945
54043,"Lincoln, WV",314719
51127,"New Kent, VA",314514
48159,"Franklin, TX",313741
32027,"Pershing, NV",313435
45005,"Allendale, SC",312702
31099,"Kearney, NE",312325
21001,"Adair, KY",311537
28051,"Holmes, MS",311006
37033,"Caswell, NC",310909
51011,"Appomattox, VA",309915
21139,"Livingston, KY",309752
47005,"Benton, TN",309684
51119,"Middlesex, VA",309624
38079,"Rolette, ND",309036
31147,"Richardson, NE",308581
28111,"Perry, MS",308184
40093,"Major, OK",307779
17009,"Brown, IL",306933
13271,"Telfair, GA",306494
31035,"Clay, NE",306227
05053,"Grant, AR",305333
29079,"Grundy, MO",305056
21025,"Breathitt, KY",304859
05135,"Sharp, AR",304475
20029,"Cloud, KS",304158
27073,"Lac qui Parle, MN",304107
31107,"Knox, NE",302836
19071,"Fremont, IA",302461
51029,"Buckingham, VA",301537
48063,"Camp, TX",301126
54015,"Clay, WV",299211
16035,"Clearwater, ID",298464
13317,"Wilkes, GA",297320
31011,"Boone, NE",297223
38097,"Traill, ND",296886
27031,"Cook, MN",296516
16087,"Washington, ID",296092
20167,"Russell, KS",295995
47091,"Johnson, TN",295601
53043,"Lincoln, WA",295544
54007,"Braxton, WV",295304
35037,"Quay, NM",295278
40063,"Hughes, OK",294837
16037,"Custer, ID",294793
21103,"Henry, KY",294558
47139,"Polk, TN",294181
13027,"Brooks, GA",294124
28131,"Stone, MS",294011
47023,"Chester, TN",293167
13281,"Towns, GA",292931
31169,"Thayer, NE",292745
48033,"Borden, TX",292205
48399,"Runnels, TX",290500
01029,"Cleburne, AL",290048
28013,"Calhoun, MS",289740
29067,"Douglas, MO",289284
20123,"Mitchell, KS",288820
40091,"McIntosh, OK",288516
13005,"Bacon, GA",288359
21069,"Fleming, KY",287896
16009,"Benewah, ID",286903
46115,"Spink, SD",286563
20087,"Jefferson, KS",286469
39115,"Morgan, OH",285739
19133,"Monona, IA",285589
30085,"Roosevelt, MT",284957
51079,"Greene, VA",284896
40069,"Johnston, OK",284781
21027,"Breckinridge, KY",284762
30105,"Valley, MT",284733
21075,"Fulton, KY",284644
51111,"Lunenburg, VA",284426
46067,"Hutchinson, SD",284215
31121,"Merrick, NE",284099
18121,"Parke, IN",283937
26153,"Schoolcraft, MI",283613
40117,"Pawnee, OK",283466
29139,"Montgomery, MO",283394
47057,"Grainger, TN",282963
19001,"Adair, IA",282737
46109,"Roberts, SD",282560
21053,"Clinton, KY",282399
05109,"Pike, AR",281876
54065,"Morgan, WV",280414
54085,"Ritchie, WV",279689
54075,"Pocahontas, WV",279157
29205,"Shelby, MO",278890
20145,"Pawnee, KS",278705
29081,"Harrison, MO",278580
46125,"Turner, SD",277961
21045,"Casey, KY",276555
37137,"Pamlico, NC",276083
31173,"Thurston, NE",275790
26003,"Alger, MI",275335
47181,"Wayne, TN",275260
26013,"Baraga, MI",274774
27167,"Wilkin, MN",274464
05099,"Nevada, AR",274388
08093,"Park, CO",274119
29059,"Dallas, MO",274113
13159,"Jasper, GA",273349
29033,"Carroll, MO",273230
49023,"Juab, UT",273221
31101,"Keith, NE",272568
20171,"Scott, KS",271835
16041,"Franklin, ID",271641
48315,"Marion, TX",271486
02290,"Yukon-Koyukuk Census Area, AK*",271279
31045,"Dawes, NE",271109
46102,"Oglala Lakota, SD*",270972
35051,"Sierra, NM",270560
37187,"Washington, NC",269338
48019,"Bandera, TX",267960
54001,"Barbour, WV",267536
51063,"Floyd, VA",266623
47129,"Morgan, TN",265923
40005,"Atoka, OK",265243
48283,"La Salle, TX",264847
28103,"Noxubee, MS",264210
29039,"Cedar, MO",263755
19117,"Lucas, IA",263552
05079,"Lincoln, AR",263516
40149,"Washita, OK",263510
12041,"Gilchrist, FL",263379
29063,"DeKalb, MO",263326
13235,"Pulaski, GA",262753
56011,"Crook, WY",262509
55041,"Forest, WI",261704
19107,"Keokuk, IA",261308
30043,"Jefferson, MT",260765
12043,"Glades, FL",260299
21149,"McLean, KY",260200
02280,"Wrangell-Petersburg Census Area, AK*",260083
38021,"Dickey, ND",260071
05065,"Izard, AR",259657
29179,"Reynolds, MO",259438
12065,"Jefferson, FL",259198
16021,"Boundary, ID",258949
21031,"Butler, KY",258838
28135,"Tallahatchie, MS",258283
21191,"Pendleton, KY",258081
41025,"Harney, OR",258058
05141,"Van Buren, AR",257670
51077,"Grayson, VA",257637
21229,"Washington, KY",257071
27089,"Marshall, MN",256772
48127,"Dimmit, TX",256176
41063,"Wallowa, OR",255568
17129,"Menard, IL",254691
31059,"Fillmore, NE",254688
47173,"Union, TN",254010
28023,"Clarke, MS",253326
18115,"Ohio, IN",253140
47153,"Sequatchie, TN",251713
54095,"Tyler, WV",250977
29003,"Andrew, MO",250611
31143,"Polk, NE",250374
13273,"Terrell, GA",250327
51007,"Amelia, VA",249950
46019,"Butte, SD",249672
26119,"Montmorency, MI",248191
22123,"West Carroll, LA",247909
30089,"Sanders, MT",247842
51159,"Richmond, VA",247682
27107,"Norman, MN",247666
08055,"Huerfano, CO",247654
46047,"Fall River, SD",247451
13289,"Twiggs, GA",247309
21203,"Rockcastle, KY",246541
18007,"Benton, IN",245908
12013,"Calhoun, FL",245789
31023,"Butler, NE",245586
21077,"Gallatin, KY",245307
12029,"Dixie, FL",245134
48431,"Sterling, TX",245120
39163,"Vinton, OH",244414
48009,"Archer, TX",243887
21147,"McCreary, KY",243733
05127,"Scott, AR",243644
48407,"San Jacinto, TX",243336
51037,"Charlotte, VA",242593
51017,"Bath, VA",241264
28147,"Walthall, MS",241163
48107,"Crosby, TX",240878
30097,"Sweet Grass, MT",240810
54087,"Roane, WV",239818
17047,"Edwards, IL",239767
48507,"Zavala, TX",239411
17035,"Cumberland, IL",239027
31139,"Pierce, NE",238803
46101,"Moody, SD",238546
20181,"Sherman, KS",238449
30101,"Toole, MT",237899
16045,"Gem, ID",237718
20077,"Harper, KS",237377
40151,"Woods, OK",237080
18013,"Brown, IN",236837
20043,"Doniphan, KS",236702
29111,"Lewis, MO",235615
01011,"Bullock, AL",235078
37143,"Perquimans, NC",234443
40075,"Kiowa, OK",234320
29123,"Madison, MO",234245
48307,"McCulloch, TX",234178
20095,"Kingman, KS",233469
20093,"Kearny, KS",233384
16081,"Teton, ID",232669
19009,"Audubon, IA",232447
29041,"Chariton, MO",231739
17059,"Gallatin, IL",231727
13043,"Candler, GA",231606
13287,"Turner, GA",231538
17169,"Schuyler, IL",230974
42053,"Forest, PA",230036
55091,"Pepin, WI",229842
32029,"Storey, NV",229746
20137,"Norton, KS",229512
16043,"Fremont (includes Yellowstone Park), ID",229193
20027,"Clay, KS",228934
40007,"Beaver, OK",228506
22025,"Catahoula, LA",228193
42023,"Cameron, PA",227048
37103,"Jones, NC",226955
29137,"Monroe, MO",226718
21175,"Morgan, KY",225770
17087,"Johnson, IL",225662
30025,"Fallon, MT",225375
54091,"Taylor, WV",225330
40141,"Tillman, OK",224868
46123,"Tripp, SD",224588
21171,"Monroe, KY",224465
28053,"Humphreys, MS",224271
05137,"Stone, AR",223623
31123,"Morrill, NE",223019
38073,"Ransom, ND",222903
13221,"Oglethorpe, GA",222888
13253,"Seminole, GA",222803
05095,"Monroe, AR",222016
20139,"Osage, KS",221610
48305,"Lynn, TX",221602
28161,"Yalobusha, MS",221311
48403,"Sabine, TX",221042
08017,"Cheyenne, CO",220634
13025,"Brantley, GA",220209
53059,"Skamania, WA",218696
13155,"Irwin, GA",218557
02070,"Dillingham Census Area, AK*",218315
37095,"Hyde, NC",218271
31065,"Furnas, NE",218097
19195,"Worth, IA",218075
38053,"McKenzie, ND",218029
26135,"Oscoda, MI",217641
31031,"Cherry, NE",217377
36041,"Hamilton, NY",216620
27029,"Clearwater, MN",216380
27051,"Grant, MN",216350
01105,"Perry, AL",215944
27081,"Lincoln, MN",215361
37075,"Graham, NC",215258
19177,"Van Buren, IA",215163
31021,"Burt, NE",215159
26131,"Ontonagon, MI",214709
54093,"Tucker, WV",214529
26001,"Alcona, MI",214268
28065,"Jefferson Davis, MS",213608
21153,"Magoffin, KY",213469
05077,"Lee, AR",213344
29223,"Wayne, MO",213295
47061,"Grundy, TN",212994
30009,"Carbon, MT",212984
49025,"Kane, UT",212935
41023,"Grant, OR",212177
28005,"Amite, MS",211919
29075,"Gentry, MO",211711
32021,"Mineral, NV",211478
21197,"Powell, KY",211033
41037,"Lake, OR",210872
46077,"Kingsbury, SD",210648
17003,"Alexander, IL",210564
20203,"Wichita, KS",210252
48197,"Hardeman, TX",209980
29149,"Oregon, MO",209599
05039,"Dallas, AR",209584
29181,"Ripley, MO",209463
31167,"Stanton, NE",208508
26085,"Lake, MI",208225
13065,"Clinch, GA",207988
37043,"Clay, NC",207088
51157,"Rappahannock, VA",206942
31175,"Valley, NE",205998
48413,"Schleicher, TX",205971
18155,"Switzerland, IN",205766
38009,"Bottineau, ND",205422
30099,"Teton, MT",205306
38045,"LaMoure, ND",205208
48137,"Edwards, TX",205100
31029,"Chase, NE",204994
20053,"Ellsworth, KS",204794
48235,"Irion, TX",204736
54071,"Pendleton, WV",203790
18171,"Warren, IN",203413
48077,"Clay, TX",203182
48031,"Blanco, TX",202551
47015,"Cannon, TN",202217
51036,"Charles City, VA",202158
20129,"Morton, KS",201999
29005,"Atchison, MO",201955
13231,"Pike, GA",201524
17153,"Pulaski, IL",200839
13191,"McIntosh, GA",200792
02013,"Aleutians East Borough, AK*",200454
48387,"Red River, TX",200364
28097,"Montgomery, MS",199994
08009,"Baca, CO",199075
46121,"Todd, SD",199015
46129,"Walworth, SD",198957
19173,"Taylor, IA",198827
12077,"Liberty, FL",198036
21123,"Larue, KY",197982
31051,"Dixon, NE",197713
54063,"Monroe, WV",197442
20007,"Barber, KS",196705
48083,"Coleman, TX",196463
05117,"Prairie, AR",196114
47135,"Perry, TN",196070
40085,"Love, OK",195784
46033,"Custer, SD",195646
22021,"Caldwell, LA",195603
48207,"Haskell, TX",195579
13165,"Jenkins, GA",195560
47087,"Jackson, TN",195248
29061,"Daviess, MO",194124
21079,"Garrard, KY",193920
29089,"Howard, MO",193541
30005,"Blaine, MT",193102
30073,"Pondera, MT",193094
27011,"Big Stone, MN",192571
13269,"Taylor, GA",192451
21065,"Estill, KY",192233
40127,"Pushmataha, OK",191788
48059,"Callahan, TX",191640
40107,"Okfuskee, OK",191200
38011,"Bowman, ND",191182
05147,"Woodruff, AR",191059
16059,"Lemhi, ID",191022
54089,"Summers, WV",190211
21109,"Jackson, KY",189773
13049,"Charlton, GA",189501
13243,"Randolph, GA",188847
30023,"Deer Lodge, MT",188367
17065,"Hamilton, IL",187945
02068,"Denali Borough, AK*",187420
21169,"Metcalfe, KY",187089
55051,"Iron, WI",186559
13003,"Atkinson, GA",185640
47101,"Lewis, TN",184753
20119,"Meade, KS",184644
48075,"Childress, TX",184556
46009,"Bon Homme, SD",184496
21105,"Hickman, KY",184494
31129,"Nuckolls, NE",183778
28119,"Quitman, MS",183650
20201,"Washington, KS",183523
37073,"Gates, NC",182835
40059,"Harper, OK",182136
48193,"Hamilton, TX",182051
31161,"Sheridan, NE",182050
47007,"Bledsoe, TN",181425
13201,"Miller, GA",180812
08121,"Washington, CO",180516
05073,"Lafayette, AR",180043
37029,"Camden, NC",179992
51115,"Mathews, VA",179710
46015,"Brule, SD",179304
22081,"Red River, LA",178548
49029,"Morgan, UT",177118
17171,"Scott, IL",176882
22035,"East Carroll, LA",176841
42113,"Sullivan, PA",176698
20003,"Anderson, KS",176325
53019,"Ferry, WA",176101
30015,"Chouteau, MT",175986
19053,"Decatur, IA",175860
38103,"Wells, ND",175637
38005,"Benson, ND",175538
20075,"Hamilton, KS",175384
26095,"Luce, MI",175287
38061,"Mountrail, ND",175254
01037,"Coosa, AL",175179
51021,"Bland, VA",174903
48455,"Trinity, TX",174536
46091,"Marshall, SD",173453
21223,"Trimble, KY",173438
19051,"Davis, IA",173058
29017,"Bollinger, MO",172755
29057,"Dade, MO",172586
18025,"Crawford, IN",172457
12067,"Lafayette, FL",172354
02201,"Prince of Wales-Outer Ketchikan Census Area, AK*",172310
56017,"Hot Springs, WY",171990
21143,"Lyon, KY",171766
08073,"Lincoln, CO",171360
29025,"Caldwell, MO",171069
13197,"Marion, GA",170905
29087,"Holt, MO",170008
45065,"McCormick, SC",169995
08025,"Crowley, CO",169882
29185,"St. Clair, MO",169350
20163,"Rooks, KS",168952
19185,"Wayne, IA",168924
46057,"Hamlin, SD",168507
53013,"Columbia, WA",168294
08095,"Phillips, CO",168196
28155,"Webster, MS",167804
08109,"Saguache, CO",167580
27087,"Mahnomen, MN",167401
21135,"Lewis, KY",167394
13209,"Montgomery, GA",166960
08065,"Lake, CO",166863
06091,"Sierra, CA",166860
40067,"Jefferson, OK",166622
05049,"Fulton, AR",166601
54021,"Gilmer, WV",166007
46037,"Day, SD",165543
28069,"Kemper, MS",165483
28157,"Wilkinson, MS",165461
27069,"Kittson, MN",165112
21055,"Crittenden, KY",163808
51049,"Cumberland, VA",163760
31135,"Perkins, NE",163509
20185,"Stafford, KS",163395
17175,"Stark, IL",163244
20073,"Greenwood, KS",163207
08091,"Ouray, CO",163131
05097,"Montgomery, AR",162809
47121,"Meigs, TN",162643
38065,"Oliver, ND",161892
21087,"Green, KY",161788
20157,"Republic, KS",161489
20187,"Stanton, KS",161279
17071,"Henderson, IL",161003
30071,"Phillips, MT",160211
49017,"Garfield, UT",159645
40025,"Cimarron, OK",159629
28041,"Greene, MS",159407
13315,"Wilcox, GA",157045
38019,"Cavalier, ND",157000
27077,"Lake of the Woods, MN",155870
46087,"McCook, SD",155517
46045,"Edmunds, SD",155297
31093,"Howard, NE",155109
08011,"Bent, CO",154238
22107,"Tensas, LA",153862
48417,"Shackelford, TX",153582
21011,"Bath, KY",153581
13167,"Johnson, GA",153399
48269,"King, TX",152418
08021,"Conejos, CO",152193
40003,"Alfalfa, OK",151563
46059,"Hand, SD",151562
47027,"Clay, TN",151122
38031,"Foster, ND",150620
30077,"Powell, MT",150287
48275,"Knox, TX",150255
28009,"Benton, MS",150185
31097,"Johnson, NE",150035
29125,"Maries, MO",149807
13037,"Calhoun, GA",149760
46041,"Dewey, SD",149656
18161,"Union, IN",149433
29153,"Ozark, MO",149389
47127,"Moore, TN",149354
31105,"Kimball, NE",149053
20063,"Gove, KS",148933
16063,"Lincoln, ID",148919
40033,"Cotton, OK",148346
51097,"King and Queen, VA",147867
48151,"Fisher, TX",147852
20047,"Edwards, KS",147820
46039,"Deuel, SD",147768
21215,"Spencer, KY",147595
46053,"Gregory, SD",147208
21129,"Lee, KY",146778
19003,"Adams, IA",146435
06003,"Alpine, CA",146377
38069,"Pierce, ND",146042
40045,"Ellis, OK",145992
13079,"Crawford, GA",145261
20179,"Sheridan, KS",145260
31017,"Brown, NE",144882
31181,"Webster, NE",144634
32017,"Lincoln, NV",144435
29129,"Mercer, MO",144431
27155,"Traverse, MN",144257
30091,"Sheridan, MT",144056
48125,"Dickens, TX",143965
40105,"Nowata, OK",141963
55078,"Menominee, WI",141856
29045,"Clark, MO",141804
05129,"Searcy, AR",141262
28037,"Franklin, MS",139966
38049,"McHenry, ND",139817
20183,"Smith, KS",139763
50009,"Essex, VT",138877
53069,"Wahkiakum, WA",138578
22091,"St. Helena, LA",137867
28063,"Jefferson, MS",136724
38029,"Emmons, ND",136724
40053,"Grant, OK",136623
20127,"Morris, KS",136229
05025,"Cleveland, AR",136191
29203,"Shannon, MO",136095
35023,"Hidalgo, NM",135167
47169,"Trousdale, TN",134952
13249,"Schley, GA",133703
29199,"Scotland, MO",133583
48411,"San Saba, TX",133369
46043,"Douglas, SD",133129
48379,"Rains, TX",132542
46105,"Perkins, SD",131118
16007,"Bear Lake, ID",131071
46085,"Lyman, SD",130873
13141,"Hancock, GA",130757
05105,"Perry, AR",130280
19159,"Ringgold, IA",130122
20141,"Osborne, KS",130055
20135,"Ness, KS",129951
46025,"Clark, SD",129906
21187,"Owen, KY",129449
21061,"Edmonson, KY",129124
13181,"Lincoln, GA",127801
20097,"Kiowa, KS",127723
02232,"Skagway-Hoonah-Angoon Census Area, AK*",127670
50013,"Grand Isle, VT",127639
13301,"Warren, GA",127555
16015,"Boise, ID",127527
48377,"Presidio, TX",126999
48267,"Kimble, TX",126320
20109,"Logan, KS",126003
20165,"Rush, KS",125794
28125,"Sharkey, MS",125306
20039,"Decatur, KS",123971
28015,"Carroll, MS",123419
21023,"Bracken, KY",122561
40055,"Greer, OK",122545
47095,"Lake, TN",122475
48129,"Donley, TX",121495
20143,"Ottawa, KS",121313
48095,"Concho, TX",121207
38085,"Sioux, ND",120001
02060,"Bristol Bay Borough, AK",119712
13309,"Wheeler, GA",119475
48087,"Collingsworth, TX",118835
13007,"Baker, GA",118665
48447,"Throckmorton, TX",118493
48081,"Coke, TX",118270
13173,"Lanier, GA",118081
46107,"Potter, SD",117295
47083,"Houston, TN",117263
56027,"Niobrara, WY",117196
38051,"McIntosh, ND",117181
02158,"Kusilvak Census Area, AK*",116664
48405,"San Augustine, TX",116226
31063,"Frontier, NE",115599
54013,"Calhoun, WV",115380
17069,"Hardin, IL",114784
29171,"Putnam, MO",114207
27125,"Red Lake, MN",113684
31125,"Nance, NE",113030
46055,"Haakon, SD",112894
16061,"Lewis, ID",112872
08115,"Sedgwick, CO",112828
29035,"Carter, MO",112718
46031,"Corson, SD",112449
16071,"Oneida, ID",112251
29103,"Knox, MO",112096
40043,"Dewey, OK",112006
21057,"Cumberland, KY",111339
31083,"Harlan, NE",111150
20195,"Trego, KS",111062
29085,"Hickory, MO",110069
46111,"Sanborn, SD",109984
48333,"Mills, TX",109828
48023,"Baylor, TX",109777
53023,"Garfield, WA",109767
35021,"Harding, NM",109102
20065,"Graham, KS",108370
38043,"Kidder, ND",107981
35019,"Guadalupe, NM",107755
30007,"Broadwater, MT",107702
54017,"Doddridge, WV",107192
37177,"Tyrrell, NC",106293
48433,"Stonewall, TX",105243
17013,"Calhoun, IL",105137
05101,"Newton, AR",104773
48101,"Cottle, TX",104752
13263,"Talbot, GA",104705
55037,"Florence, WI",103349
20197,"Wabaunsee, KS",102770
46089,"McPherson, SD",102642
20101,"Lane, KS",102383
13283,"Treutlen, GA",102381
21039,"Carlisle, KY",102196
46073,"Jerauld, SD",101694
46119,"Sully, SD",100490
48359,"Oldham, TX",99532
31061,"Franklin, NE",98791
20017,"Chase, KS",98522
20025,"Clark, KS",98422
38025,"Dunn, ND",97346
38001,"Adams, ND",97167
08027,"Custer, CO",96701
13183,"Long, GA",96687
16003,"Adams, ID",96586
31087,"Hitchcock, NE",96344
17151,"Pope, IL",96031
46117,"Stanley, SD",95665
38063,"Nelson, ND",95106
38041,"Hettinger, ND",93738
31057,"Dundy, NE",93691
48109,"Culberson, TX",93252
13061,"Clay, GA",92184
31163,"Sherman, NE",92010
46061,"Hanson, SD",91829
30065,"Musselshell, MT",91422
38047,"Logan, ND",90093
38037,"Grant, ND",89799
48191,"Hall, TX",89245
38095,"Towner, ND",89224
20071,"Greeley, KS",88930
20153,"Rawlins, KS",88579
31133,"Pawnee, NE",88154
20089,"Jewell, KS",88026
35003,"Catron, NM",87953
38023,"Divide, ND",87420
31077,"Greeley, NE",87372
46097,"Miner, SD",86421
31183,"Wheeler, NE",86058
46007,"Bennett, SD",85820
21237,"Wolfe, KY",85559
30051,"Liberty, MT",85147
38075,"Renville, ND",84991
38013,"Burke, ND",84842
08023,"Costilla, CO",84088
51045,"Craig, VA",83977
35033,"Mora, NM",83921
48229,"Hudspeth, TX",83411
49055,"Wayne, UT",83336
13259,"Stewart, GA",83247
40129,"Roger Mills, OK",83166
48319,"Mason, TX",83153
40057,"Harmon, OK",83126
20033,"Comanche, KS",82281
30103,"Treasure, MT",81653
02100,"Haines Borough, AK",81213
20023,"Cheyenne, KS",80479
47137,"Pickett, TN",80224
47175,"Van Buren, TN",79155
08061,"Kiowa, CO",79004
46049,"Faulk, SD",78513
30055,"McCone, MT",78360
21181,"Nicholas, KY",78021
51091,"Highland, VA",77608
38039,"Griggs, ND",76910
30019,"Daniels, MT",76629
20105,"Lincoln, KS",76522
40029,"Coal, OK",76490
41021,"Gilliam, OR",76354
31069,"Garden, NE",75435
31073,"Gosper, NE",74903
49033,"Rich, UT",74749
48119,"Delta, TX",74526
46069,"Hyde, SD",74373
30061,"Mineral, MT",73266
47067,"Hancock, TN",73048
46071,"Jackson, SD",73023
31071,"Garfield, NE",72691
46003,"Aurora, SD",72588
20049,"Elk, KS",72381
20083,"Hodgeman, KS",71294
30045,"Judith Basin, MT",71201
31015,"Boyd, NE",71132
46017,"Buffalo, SD",70958
48271,"Kinney, TX",70458
29197,"Schuyler, MO",70451
21165,"Menifee, KY",70429
20207,"Woodson, KS",70093
08057,"Jackson, CO",70062
38027,"Eddy, ND",69968
20199,"Wallace, KS",69171
20019,"Chautauqua, KS",68544
35011,"De Baca, NM",67726
32009,"Esmeralda, NV",67660
31149,"Rock, NE",67260
48011,"Armstrong, TX",66416
02164,"Lake and Peninsula Borough, AK*",65750
46137,"Ziebach, SD",65645
31085,"Hayes, NE",63626
21063,"Elliott, KY",63278
54105,"Wirt, WV",62080
48243,"Jeff Davis, TX",61902
29227,"Worth, MO",61750
38091,"Steele, ND",61292
38007,"Billings, ND",61201
46063,"Harding, SD",59981
13307,"Webster, GA",59342
46021,"Campbell, SD",59174
46075,"Jones, SD",58604
31049,"Deuel, NE",58355
48045,"Briscoe, TX",58069
48385,"Real, TX",57598
38033,"Golden Valley, ND",57409
30033,"Garfield, MT",56752
30039,"Granite, MT",56420
26083,"Keweenaw, MI",55909
49009,"Daggett, UT",55888
41069,"Wheeler, OR",54752
31165,"Sioux, NE",53933
13101,"Echols, GA",53501
48327,"Menard, TX",52684
30059,"Meagher, MT",52272
46095,"Mellette, SD",52094
21189,"Owsley, KY",51778
13239,"Quitman, GA",49885
48345,"Motley, TX",48628
48155,"Foard, TX",46213
28055,"Issaquena, MS",46066
38083,"Sheridan, ND",46001
31007,"Banner, NE",45232
49031,"Piute, UT",45153
08079,"Mineral, CO",44662
30107,"Wheatland, MT",44479
30075,"Powder River, MT",43203
16033,"Clark, ID",42651
13125,"Glascock, GA",40312
08033,"Dolores, CO",40105
30011,"Carter, MT",40090
30079,"Prairie, MT",39600
08053,"Hinsdale, CO",36240
38087,"Slope, ND",36186
16025,"Camas, ID",36044
31103,"Keya Paha, NE",35732
30109,"Wibaux, MT",34318
08111,"San Juan, CO",33160
02282,"Yakutat City and Borough, AK*",32131
13265,"Taliaferro, GA",31608
31113,"Logan, NE",29503
21201,"Robertson, KY",28461
31171,"Thomas, NE",27067
31091,"Hooker, NE",26468
31075,"Grant, NE",25856
31009,"Blaine, NE",24061
31115,"Loup, NE",20611
30037,"Golden Valley, MT",20392
31117,"McPherson, NE",20218
31005,"Arthur, NE",14288
30069,"Petroleum, MT",14005